id,created_at,updated_at,nbfc_id,credit_limit,loan_id,loan_type,user_id,amount,status,user_type,cibil_score,is_booked,age
217432,2024-03-19 00:19:30.827175,2024-03-19 00:19:30.827200,10,4000.0,2276584,P,3029095,2000.0,P,O,739,True,32
217469,2024-03-19 00:33:51.799164,2024-03-19 00:33:51.799192,10,15000.0,2276593,P,3186790,15000.0,P,O,774,True,33
217470,2024-03-19 00:33:58.234592,2024-03-19 00:33:58.234619,23,10000.0,2276594,P,153682,10000.0,P,O,728,True,26
217439,2024-03-19 00:23:03.587404,2024-03-19 00:23:03.587435,23,4000.0,2276585,P,5723757,4000.0,P,O,746,True,23
217444,2024-03-19 00:23:54.816333,2024-03-19 00:23:54.816362,10,10000.0,2276586,P,5306278,10000.0,P,O,702,True,29
217446,2024-03-19 00:24:29.145092,2024-03-19 00:24:29.145116,10,10000.0,2276587,P,6582769,10000.0,P,O,744,True,27
217472,2024-03-19 00:35:55.260128,2024-03-19 00:35:55.260154,10,6000.0,2276595,P,5357289,6000.0,P,O,770,True,26
217484,2024-03-19 00:44:20.608186,2024-03-19 00:44:20.608210,10,10000.0,2276600,P,48874,10000.0,P,O,722,True,36
217455,2024-03-19 00:28:12.889601,2024-03-19 00:28:12.889627,25,4000.0,2276589,P,6849137,4000.0,P,O,757,True,31
217475,2024-03-19 00:37:11.386584,2024-03-19 00:37:11.386610,10,6000.0,2276596,P,3943408,6000.0,P,O,756,True,31
217460,2024-03-19 00:29:57.909071,2024-03-19 00:29:57.909097,23,5000.0,2276590,P,7493514,3000.0,P,O,776,True,27
217461,2024-03-19 00:30:32.668710,2024-03-19 00:30:32.668743,10,6000.0,2276591,P,7133822,6000.0,P,O,723,True,34
217464,2024-03-19 00:31:25.341797,2024-03-19 00:31:25.341830,10,9000.0,2276592,P,7579085,9000.0,P,N,758,True,29
217477,2024-03-19 00:37:45.041112,2024-03-19 00:37:45.041144,23,10000.0,2276597,P,7275783,10000.0,P,O,748,True,27
217478,2024-03-19 00:38:41.776512,2024-03-19 00:38:41.776546,10,1000.0,2276598,P,6814047,1000.0,P,O,746,True,23
217479,2024-03-19 00:39:08.417384,2024-03-19 00:39:08.417414,9,5000.0,2276599,P,6854893,5000.0,P,O,777,True,26
217495,2024-03-19 00:51:02.712979,2024-03-19 00:51:02.713010,10,10000.0,2276601,P,6357660,10000.0,P,O,740,True,37
217499,2024-03-19 00:52:49.820767,2024-03-19 00:52:49.820795,10,8000.0,2276602,P,6131405,8000.0,P,O,769,True,38
217606,2024-03-19 02:23:27.171131,2024-03-19 02:23:27.171166,10,12000.0,2276640,P,4428320,3000.0,P,O,717,True,35
217607,2024-03-19 02:23:30.734291,2024-03-19 02:23:30.734316,10,12000.0,2276641,P,1949359,12000.0,P,O,754,True,26
217608,2024-03-19 02:23:47.267285,2024-03-19 02:23:47.267316,10,5000.0,2276642,P,7466671,5000.0,P,N,765,True,25
217614,2024-03-19 02:27:17.913738,2024-03-19 02:27:17.913771,25,10000.0,2276643,P,1881639,10000.0,P,O,746,True,34
217640,2024-03-19 02:52:52.079764,2024-03-19 02:52:52.079795,10,4000.0,2276651,P,2990298,4000.0,P,O,749,True,48
217615,2024-03-19 02:28:13.287470,2024-03-19 02:28:13.287501,25,4000.0,2276644,P,2283749,4000.0,P,O,746,True,27
217616,2024-03-19 02:28:32.659018,2024-03-19 02:28:32.659059,25,8000.0,2276645,P,2184048,6000.0,P,O,755,True,34
217623,2024-03-19 02:32:45.730984,2024-03-19 02:32:45.731010,10,12000.0,2276646,P,4039462,12000.0,P,O,700,True,50
217665,2024-03-19 04:01:49.041061,2024-03-19 04:01:49.041095,10,6000.0,2276658,P,977967,1000.0,P,O,746,True,39
217624,2024-03-19 02:34:16.887489,2024-03-19 02:34:16.887519,25,2000.0,2276647,P,7014389,2000.0,P,O,737,True,28
217642,2024-03-19 02:55:23.274337,2024-03-19 02:55:23.274366,10,10000.0,2276652,P,600126,10000.0,P,O,767,True,28
217657,2024-03-19 03:42:04.920888,2024-03-19 03:42:04.920918,10,6000.0,2276656,P,5913603,6000.0,P,N,739,True,30
217630,2024-03-19 02:39:39.978883,2024-03-19 02:39:39.978910,25,4000.0,2276648,P,4823256,2500.0,P,O,746,True,24
217634,2024-03-19 02:43:44.797138,2024-03-19 02:43:44.797173,10,6000.0,2276649,P,7000370,6000.0,P,O,731,True,27
217646,2024-03-19 03:07:28.247442,2024-03-19 03:07:28.247469,10,1000.0,2276653,P,6894076,1000.0,P,O,746,True,20
217638,2024-03-19 02:49:58.026192,2024-03-19 02:49:58.026216,10,8000.0,2276650,P,3483520,8000.0,P,O,744,True,33
217650,2024-03-19 03:18:31.157556,2024-03-19 03:18:31.157581,10,10000.0,2276654,P,5507714,10000.0,P,O,754,True,44
217652,2024-03-19 03:28:09.634773,2024-03-19 03:28:09.634799,23,4000.0,2276655,P,7490738,4000.0,P,N,746,True,32
217662,2024-03-19 03:57:17.570054,2024-03-19 03:57:17.570085,10,4000.0,2276657,P,5769218,4000.0,P,O,746,True,23
217667,2024-03-19 04:09:44.562047,2024-03-19 04:09:44.562113,10,10000.0,2276660,P,6478381,10000.0,P,N,742,True,26
217669,2024-03-19 04:16:31.070514,2024-03-19 04:16:31.070547,10,4000.0,2276661,P,2435611,4000.0,P,O,746,True,35
217678,2024-03-19 04:41:17.396687,2024-03-19 04:41:17.396714,10,4000.0,2276663,P,7239764,4000.0,P,O,746,True,23
217680,2024-03-19 04:44:47.534436,2024-03-19 04:44:47.534463,10,4000.0,2276664,P,2587361,4000.0,P,O,752,True,24
217683,2024-03-19 04:48:20.145227,2024-03-19 04:48:20.145263,10,5000.0,2276665,P,6487884,5000.0,P,O,777,True,23
217685,2024-03-19 04:48:44.954441,2024-03-19 04:48:44.954469,23,10000.0,2276666,P,7323206,10000.0,P,O,746,True,45
217687,2024-03-19 04:51:06.062060,2024-03-19 04:51:06.062086,10,15000.0,2276667,P,1737124,15000.0,P,O,737,True,39
217737,2024-03-19 05:42:21.347119,2024-03-19 05:42:21.347145,9,10000.0,2276682,P,2840025,10000.0,P,O,764,True,43
217690,2024-03-19 05:02:38.101611,2024-03-19 05:02:38.101636,10,5400.0,2276668,P,5759593,5400.0,P,O,746,True,21
217692,2024-03-19 05:05:17.890056,2024-03-19 05:05:17.890084,25,4000.0,2276669,P,4644376,4000.0,P,O,764,True,32
217694,2024-03-19 05:07:52.620446,2024-03-19 05:07:52.620472,23,4000.0,2276670,P,7297388,4000.0,P,O,746,True,27
217701,2024-03-19 05:14:20.585945,2024-03-19 05:14:20.585976,10,10000.0,2276671,P,1885998,10000.0,P,O,739,True,38
217705,2024-03-19 05:19:54.316128,2024-03-19 05:19:54.316151,10,4000.0,2276672,P,2155538,4000.0,P,O,725,True,26
217711,2024-03-19 05:24:01.111620,2024-03-19 05:24:01.111644,9,2000.0,2276673,P,574967,2000.0,P,N,713,True,28
217718,2024-03-19 05:26:55.611706,2024-03-19 05:26:55.611730,9,6000.0,2276674,P,944293,6000.0,P,O,746,True,24
217719,2024-03-19 05:27:06.759136,2024-03-19 05:27:06.759168,23,10000.0,2276675,P,6365082,10000.0,P,O,767,True,45
217731,2024-03-19 05:38:09.599891,2024-03-19 05:38:09.599945,9,4000.0,2276679,P,4217681,4000.0,P,O,695,True,28
217721,2024-03-19 05:28:16.536541,2024-03-19 05:28:16.536584,10,2000.0,2276676,P,7021386,2000.0,P,O,753,True,21
217722,2024-03-19 05:29:28.651836,2024-03-19 05:29:28.651863,23,4000.0,2276677,P,2229003,4000.0,P,O,732,True,24
217725,2024-03-19 05:31:30.497713,2024-03-19 05:31:30.497750,23,4000.0,2276678,P,3923118,4000.0,P,O,746,True,22
217733,2024-03-19 05:39:23.657510,2024-03-19 05:39:23.657543,9,15000.0,2276680,P,3753140,15000.0,P,O,749,True,39
217735,2024-03-19 05:41:02.369970,2024-03-19 05:41:02.370069,25,2000.0,2276681,P,4789381,2000.0,P,O,766,True,30
217745,2024-03-19 05:49:48.863213,2024-03-19 05:49:48.863236,23,11000.0,2276683,P,1062979,11000.0,P,O,730,True,25
217747,2024-03-19 05:50:51.299080,2024-03-19 05:50:51.299106,23,15000.0,2276684,P,2508839,15000.0,P,O,754,True,27
218017,2024-03-19 07:48:52.069491,2024-03-19 07:48:52.069516,10,4000.0,2276770,P,5008858,4000.0,P,O,768,True,26
218062,2024-03-19 08:01:29.181707,2024-03-19 08:01:29.181741,10,4000.0,2276788,P,7050652,4000.0,P,N,746,True,24
218020,2024-03-19 07:49:45.242441,2024-03-19 07:49:45.242466,10,2000.0,2276771,P,6895403,2000.0,P,N,770,True,28
218026,2024-03-19 07:51:49.042540,2024-03-19 07:51:49.042564,10,15000.0,2276772,P,1834113,15000.0,P,O,741,True,34
218028,2024-03-19 07:52:09.254506,2024-03-19 07:52:09.254531,10,4000.0,2276773,P,6778164,4000.0,P,O,729,True,20
218029,2024-03-19 07:52:18.034803,2024-03-19 07:52:18.034826,10,6000.0,2276774,P,5123873,6000.0,P,O,771,True,29
218031,2024-03-19 07:52:44.879788,2024-03-19 07:52:44.879818,10,10000.0,2276775,P,4494908,10000.0,P,O,772,True,32
218032,2024-03-19 07:54:11.719341,2024-03-19 07:54:11.719366,10,5000.0,2276776,P,6880719,5000.0,P,N,738,True,28
218036,2024-03-19 07:54:57.191027,2024-03-19 07:54:57.191053,10,4000.0,2276777,P,7157721,4000.0,P,O,757,True,34
218038,2024-03-19 07:55:14.629741,2024-03-19 07:55:14.629773,10,6000.0,2276778,P,4781958,6000.0,P,O,746,True,42
218064,2024-03-19 08:01:45.435071,2024-03-19 08:01:45.435097,9,15000.0,2276789,P,1668993,15000.0,P,O,819,True,35
218040,2024-03-19 07:55:42.505308,2024-03-19 07:55:42.505343,10,10000.0,2276779,P,3142678,10000.0,P,O,707,True,27
218043,2024-03-19 07:57:00.874262,2024-03-19 07:57:00.874288,10,10000.0,2276780,P,3200194,10000.0,P,O,733,True,32
218044,2024-03-19 07:57:08.580597,2024-03-19 07:57:08.580622,10,4000.0,2276781,P,7429282,4000.0,P,O,768,True,20
218066,2024-03-19 08:02:50.027853,2024-03-19 08:02:50.027890,9,9000.0,2276790,P,6814073,5000.0,P,O,715,True,25
218067,2024-03-19 08:03:11.158040,2024-03-19 08:03:11.158064,23,10000.0,2276791,P,6403750,10000.0,P,O,752,True,28
218049,2024-03-19 07:58:46.473774,2024-03-19 07:58:46.473807,10,6000.0,2276782,P,5179871,6000.0,P,O,746,True,26
218050,2024-03-19 07:58:54.922446,2024-03-19 07:58:54.922469,10,9000.0,2276783,P,664562,9000.0,P,O,700,True,40
218077,2024-03-19 08:07:48.107615,2024-03-19 08:07:48.107639,10,4000.0,2276794,P,5621514,4000.0,P,O,651,True,31
218052,2024-03-19 07:59:29.296831,2024-03-19 07:59:29.296862,10,9000.0,2276784,P,6912555,9000.0,P,O,742,True,33
218053,2024-03-19 07:59:32.100034,2024-03-19 07:59:32.100057,10,15000.0,2276785,P,1520601,15000.0,P,O,769,True,31
218057,2024-03-19 08:00:07.148407,2024-03-19 08:00:07.148432,23,10000.0,2276786,P,5184909,10000.0,P,O,777,True,45
218061,2024-03-19 08:01:03.135676,2024-03-19 08:01:03.135701,10,10000.0,2276787,P,6572289,10000.0,P,N,753,True,37
218073,2024-03-19 08:06:17.362932,2024-03-19 08:06:17.362959,10,10000.0,2276793,P,1676746,10000.0,P,O,755,True,31
218081,2024-03-19 08:08:32.940101,2024-03-19 08:08:32.940125,9,4000.0,2276796,P,5160468,4000.0,P,O,718,True,55
217409,2024-03-19 00:12:25.084012,2024-03-19 00:12:25.084036,23,1000.0,2276572,P,6868607,1000.0,P,O,739,True,24
217378,2024-03-19 00:00:57.184167,2024-03-19 00:00:57.184200,10,9000.0,2276566,P,7080393,9000.0,P,O,754,True,32
217381,2024-03-19 00:01:17.062565,2024-03-19 00:01:17.062590,25,10000.0,2276567,P,3303449,10000.0,P,O,732,True,27
217385,2024-03-19 00:01:49.396071,2024-03-19 00:01:49.396102,10,2000.0,2276568,P,5935449,2000.0,P,O,746,True,31
217421,2024-03-19 00:15:53.593419,2024-03-19 00:15:53.593449,10,6000.0,2276578,P,4732054,6000.0,P,O,738,True,26
217411,2024-03-19 00:12:46.886980,2024-03-19 00:12:46.887007,10,6000.0,2276573,P,4772417,6000.0,P,O,767,True,25
217395,2024-03-19 00:07:26.242608,2024-03-19 00:07:26.242636,23,10000.0,2276569,P,6472877,10000.0,P,O,771,True,28
217399,2024-03-19 00:08:12.936991,2024-03-19 00:08:12.937024,10,8000.0,2276570,P,5095208,8000.0,P,O,733,True,26
217405,2024-03-19 00:10:55.094606,2024-03-19 00:10:55.094639,10,14000.0,2276571,P,1937772,14000.0,P,O,777,True,35
217418,2024-03-19 00:15:10.236127,2024-03-19 00:15:10.236153,10,9000.0,2276575,P,6601783,9000.0,P,O,782,True,31
217416,2024-03-19 00:14:14.658405,2024-03-19 00:14:14.658433,10,8000.0,2276574,P,7098154,8000.0,P,N,760,True,38
217419,2024-03-19 00:15:13.939951,2024-03-19 00:15:13.939990,10,4000.0,2276576,P,5583675,4000.0,P,O,768,True,32
217420,2024-03-19 00:15:35.346885,2024-03-19 00:15:35.346910,28,4000.0,2276577,P,7435121,2500.0,P,O,746,True,33
217422,2024-03-19 00:15:53.763111,2024-03-19 00:15:53.763145,10,6000.0,2276579,P,4732054,6000.0,P,O,738,True,26
217425,2024-03-19 00:16:57.333175,2024-03-19 00:16:57.333201,10,5000.0,2276580,P,1960566,5000.0,P,N,757,True,22
217426,2024-03-19 00:17:10.369440,2024-03-19 00:17:10.369467,9,15000.0,2276581,P,7041936,15000.0,P,N,735,True,24
217427,2024-03-19 00:17:29.208982,2024-03-19 00:17:29.209011,10,8000.0,2276582,P,6615009,8000.0,P,O,746,True,28
217429,2024-03-19 00:17:53.854167,2024-03-19 00:17:53.854193,9,12000.0,2276583,P,734005,12000.0,P,O,762,True,28
217501,2024-03-19 00:53:31.325190,2024-03-19 00:53:31.325214,9,10000.0,2276603,P,2888919,10000.0,P,O,763,True,30
217502,2024-03-19 00:53:31.479097,2024-03-19 00:53:31.479123,10,4000.0,2276604,P,6517647,4000.0,P,O,746,True,29
217505,2024-03-19 00:57:56.558833,2024-03-19 00:57:56.558858,23,5000.0,2276605,P,5056001,5000.0,P,O,754,True,21
217508,2024-03-19 00:59:58.286453,2024-03-19 00:59:58.286480,23,10000.0,2276606,P,7323861,10000.0,P,N,746,True,43
217511,2024-03-19 01:01:44.306160,2024-03-19 01:01:44.306185,23,20000.0,2276608,P,6911668,20000.0,P,O,754,True,26
217516,2024-03-19 01:05:44.517075,2024-03-19 01:05:44.517103,10,1000.0,2276609,P,6952463,1000.0,P,O,720,True,30
217517,2024-03-19 01:05:58.918481,2024-03-19 01:05:58.918510,9,6000.0,2276610,P,5565006,6000.0,P,O,709,True,26
217525,2024-03-19 01:14:22.388431,2024-03-19 01:14:22.388474,10,2500.0,2276612,P,6471425,2500.0,P,O,707,True,42
217527,2024-03-19 01:14:58.839292,2024-03-19 01:14:58.839318,23,8000.0,2276613,P,7281933,8000.0,P,N,773,True,38
217532,2024-03-19 01:17:27.846681,2024-03-19 01:17:27.846710,10,4000.0,2276614,P,4547206,4000.0,P,O,746,True,25
217533,2024-03-19 01:17:57.071183,2024-03-19 01:17:57.071219,10,5000.0,2276615,P,6493488,5000.0,P,N,746,True,45
217534,2024-03-19 01:18:03.481641,2024-03-19 01:18:03.481670,10,5000.0,2276616,P,7441379,5000.0,P,N,776,True,40
217538,2024-03-19 01:18:58.542767,2024-03-19 01:18:58.542792,10,15000.0,2276617,P,6807699,15000.0,P,O,713,True,32
217539,2024-03-19 01:20:45.773856,2024-03-19 01:20:45.773883,23,10000.0,2276618,P,6948340,6000.0,P,O,781,True,46
217547,2024-03-19 01:27:41.351314,2024-03-19 01:27:41.351339,23,8000.0,2276619,P,7092182,2500.0,P,O,759,True,28
217549,2024-03-19 01:30:44.731079,2024-03-19 01:30:44.731112,10,9000.0,2276620,P,7511213,9000.0,P,N,746,True,36
217550,2024-03-19 01:31:24.235133,2024-03-19 01:31:24.235163,23,2000.0,2276621,P,4659777,2000.0,P,N,713,True,25
217551,2024-03-19 01:32:16.678145,2024-03-19 01:32:16.678181,23,4000.0,2276622,P,6147323,4000.0,P,N,746,True,38
217557,2024-03-19 01:36:23.359887,2024-03-19 01:36:23.359916,23,5000.0,2276623,P,4673310,5000.0,P,O,756,True,22
217559,2024-03-19 01:36:41.621788,2024-03-19 01:36:41.621822,25,8300.0,2276624,P,3361812,8300.0,P,O,753,True,27
217560,2024-03-19 01:37:01.228978,2024-03-19 01:37:01.229006,10,8000.0,2276625,P,4408742,8000.0,P,O,723,True,51
217561,2024-03-19 01:37:12.309213,2024-03-19 01:37:12.309242,23,8000.0,2276626,P,3544124,8000.0,P,O,769,True,34
217563,2024-03-19 01:39:58.393635,2024-03-19 01:39:58.393673,10,10000.0,2276627,P,5339452,10000.0,P,N,747,True,29
217567,2024-03-19 01:45:39.201854,2024-03-19 01:45:39.201880,10,10000.0,2276628,P,1095073,10000.0,P,O,750,True,31
217569,2024-03-19 01:47:03.125693,2024-03-19 01:47:03.125721,10,5000.0,2276629,P,6646762,5000.0,P,O,716,True,27
217583,2024-03-19 02:00:18.495116,2024-03-19 02:00:18.495149,10,8000.0,2276635,P,6690728,8000.0,P,O,762,True,28
217572,2024-03-19 01:47:43.226185,2024-03-19 01:47:43.226210,25,2000.0,2276630,P,6811403,2000.0,P,O,750,True,23
217585,2024-03-19 02:01:11.982131,2024-03-19 02:01:11.982165,10,8000.0,2276636,P,6074182,8000.0,P,O,733,True,22
217576,2024-03-19 01:53:21.802746,2024-03-19 01:53:21.802778,23,4000.0,2276631,P,6225955,4000.0,P,O,748,True,20
217577,2024-03-19 01:53:39.796987,2024-03-19 01:53:39.797010,9,10000.0,2276632,P,2822424,10000.0,P,N,768,True,49
217578,2024-03-19 01:55:02.746601,2024-03-19 01:55:02.746627,10,15000.0,2276633,P,1644896,15000.0,P,N,700,True,46
217588,2024-03-19 02:03:41.924140,2024-03-19 02:03:41.924166,10,6000.0,2276637,P,5894322,6000.0,P,O,746,True,34
217580,2024-03-19 01:58:45.961100,2024-03-19 01:58:45.961128,9,10000.0,2276634,P,3992105,10000.0,P,O,767,True,34
217592,2024-03-19 02:09:06.621783,2024-03-19 02:09:06.621811,10,10000.0,2276638,P,6945588,6000.0,P,N,773,True,29
217596,2024-03-19 02:16:55.354819,2024-03-19 02:16:55.354842,23,8000.0,2276639,P,7059062,2500.0,P,O,746,True,21
217675,2024-03-19 04:28:06.878318,2024-03-19 04:28:06.878344,10,2000.0,2276662,P,1816953,2000.0,P,O,779,True,35
217749,2024-03-19 05:52:03.259133,2024-03-19 05:52:03.259160,9,12200.0,2276685,P,4610925,12200.0,P,O,717,True,26
217750,2024-03-19 05:52:25.562818,2024-03-19 05:52:25.562842,9,4000.0,2276686,P,7302602,4000.0,P,O,730,True,30
217751,2024-03-19 05:53:00.162564,2024-03-19 05:53:00.162598,10,5000.0,2276687,P,7453227,5000.0,P,N,760,True,34
217753,2024-03-19 05:53:59.175783,2024-03-19 05:53:59.175813,23,4000.0,2276688,P,5002731,4000.0,P,O,746,True,41
217757,2024-03-19 05:57:08.639623,2024-03-19 05:57:08.639652,9,6000.0,2276689,P,4874118,6000.0,P,O,762,True,35
217758,2024-03-19 05:58:12.853932,2024-03-19 05:58:12.853959,23,8000.0,2276690,P,285668,8000.0,P,O,764,True,30
217766,2024-03-19 06:03:28.082334,2024-03-19 06:03:28.082360,23,4000.0,2276691,P,7431333,4000.0,P,N,733,True,37
217767,2024-03-19 06:04:03.971587,2024-03-19 06:04:03.971618,9,5000.0,2276692,P,7160112,5000.0,P,O,720,True,34
217770,2024-03-19 06:05:14.773929,2024-03-19 06:05:14.773955,23,8000.0,2276693,P,6837237,8000.0,P,O,776,True,29
217809,2024-03-19 06:35:35.381287,2024-03-19 06:35:35.381319,23,2000.0,2276703,P,7125458,2000.0,P,O,771,True,27
217778,2024-03-19 06:12:20.658350,2024-03-19 06:12:20.658372,23,8000.0,2276694,P,6867505,8000.0,P,O,737,True,26
217780,2024-03-19 06:13:07.878763,2024-03-19 06:13:07.878785,9,4000.0,2276695,P,4963327,4000.0,P,O,737,True,28
217785,2024-03-19 06:19:00.828410,2024-03-19 06:19:00.828435,23,4000.0,2276696,P,6839157,4000.0,P,O,745,True,40
217787,2024-03-19 06:20:25.444203,2024-03-19 06:20:25.444237,9,2000.0,2276697,P,7292087,2000.0,P,O,717,True,23
217801,2024-03-19 06:30:12.921013,2024-03-19 06:30:12.921040,9,4000.0,2276700,P,4210177,4000.0,P,O,747,True,21
217791,2024-03-19 06:25:22.582451,2024-03-19 06:25:22.582476,9,9000.0,2276698,P,3314992,9000.0,P,O,746,True,39
217792,2024-03-19 06:26:43.822635,2024-03-19 06:26:43.822669,23,1000.0,2276699,P,7041085,1000.0,P,O,740,True,38
217802,2024-03-19 06:31:26.216738,2024-03-19 06:31:26.216771,23,6000.0,2276701,P,2500535,6000.0,P,O,781,True,41
217806,2024-03-19 06:34:37.619394,2024-03-19 06:34:37.619429,10,8000.0,2276702,P,7389719,8000.0,P,N,746,True,28
217813,2024-03-19 06:39:17.228066,2024-03-19 06:39:17.228102,9,5000.0,2276704,P,7151425,5000.0,P,O,746,True,31
217817,2024-03-19 06:40:20.417383,2024-03-19 06:40:20.417406,9,10000.0,2276705,P,7146457,10000.0,P,O,764,True,37
217821,2024-03-19 06:42:16.704248,2024-03-19 06:42:16.704281,10,15000.0,2276706,P,6905778,15000.0,P,N,769,True,26
217824,2024-03-19 06:43:14.319236,2024-03-19 06:43:14.319261,9,5000.0,2276707,P,7386350,5000.0,P,O,733,True,27
217826,2024-03-19 06:43:36.688288,2024-03-19 06:43:36.688312,9,10000.0,2276708,P,4798910,10000.0,P,O,819,True,28
217827,2024-03-19 06:43:44.464160,2024-03-19 06:43:44.464185,23,5000.0,2276709,P,7485872,5000.0,P,N,720,True,51
217829,2024-03-19 06:44:12.115770,2024-03-19 06:44:12.115795,23,10000.0,2276710,P,7350077,10000.0,P,O,763,True,35
217836,2024-03-19 06:45:41.117885,2024-03-19 06:45:41.117919,9,6000.0,2276711,P,3297878,6000.0,P,O,687,True,23
217860,2024-03-19 06:59:50.401110,2024-03-19 06:59:50.401142,23,5400.0,2276719,P,5395978,5400.0,P,O,740,True,34
217862,2024-03-19 07:00:57.150974,2024-03-19 07:00:57.151013,9,2000.0,2276720,P,7048736,2000.0,P,O,734,True,32
217843,2024-03-19 06:51:30.589355,2024-03-19 06:51:30.589384,9,2000.0,2276712,P,6655666,2000.0,P,O,746,True,34
217866,2024-03-19 07:02:10.569902,2024-03-19 07:02:10.569927,23,4000.0,2276722,P,5098348,4000.0,P,O,746,True,24
217844,2024-03-19 06:51:56.788431,2024-03-19 06:51:56.788457,9,8000.0,2276713,P,5403808,8000.0,P,O,737,True,28
217867,2024-03-19 07:03:19.522288,2024-03-19 07:03:19.522322,9,6000.0,2276724,P,2482758,6000.0,P,O,781,True,32
217846,2024-03-19 06:53:00.684690,2024-03-19 06:53:00.684717,23,13500.0,2276714,P,6195335,12500.0,P,O,714,True,28
217868,2024-03-19 07:03:32.137738,2024-03-19 07:03:32.137766,10,5000.0,2276725,P,6631204,5000.0,P,N,804,True,37
217849,2024-03-19 06:55:41.679788,2024-03-19 06:55:41.679814,23,10000.0,2276715,P,5097436,10000.0,P,O,730,True,29
217869,2024-03-19 07:04:27.052681,2024-03-19 07:04:27.052730,23,4000.0,2276726,P,6216975,4000.0,P,O,744,True,47
217854,2024-03-19 06:57:31.098612,2024-03-19 06:57:31.098639,9,9000.0,2276716,P,6267756,9000.0,P,O,733,True,35
217855,2024-03-19 06:57:48.057643,2024-03-19 06:57:48.057666,9,6000.0,2276717,P,4545166,6000.0,P,O,757,True,32
217857,2024-03-19 06:58:05.436037,2024-03-19 06:58:05.436063,23,6000.0,2276718,P,5042692,6000.0,P,O,757,True,34
217880,2024-03-19 07:08:24.954638,2024-03-19 07:08:24.954664,23,4000.0,2276727,P,4733291,4000.0,P,O,746,True,26
217881,2024-03-19 07:08:44.791081,2024-03-19 07:08:44.791107,10,4000.0,2276728,P,7579438,4000.0,P,N,746,True,25
217883,2024-03-19 07:09:05.056680,2024-03-19 07:09:05.056708,9,10000.0,2276729,P,5638604,10000.0,P,O,819,True,25
217884,2024-03-19 07:09:06.028000,2024-03-19 07:09:06.028025,9,15000.0,2276730,P,6795593,15000.0,P,O,754,True,42
217895,2024-03-19 07:13:30.299476,2024-03-19 07:13:30.299511,23,4000.0,2276731,P,6254290,4000.0,P,O,746,True,22
217896,2024-03-19 07:13:44.338497,2024-03-19 07:13:44.338523,23,4000.0,2276732,P,6959021,4000.0,P,O,746,True,38
217897,2024-03-19 07:13:47.362339,2024-03-19 07:13:47.362364,23,10000.0,2276733,P,7336130,3000.0,P,O,751,True,34
217899,2024-03-19 07:14:11.719655,2024-03-19 07:14:11.719685,9,10000.0,2276734,P,7273209,7000.0,P,O,746,True,33
217900,2024-03-19 07:14:42.353341,2024-03-19 07:14:42.353367,9,6000.0,2276735,P,7272455,6000.0,P,O,782,True,34
217902,2024-03-19 07:14:59.313820,2024-03-19 07:14:59.313846,23,5000.0,2276736,P,6380066,5000.0,P,O,750,True,41
217903,2024-03-19 07:15:03.159148,2024-03-19 07:15:03.159175,23,4000.0,2276737,P,7201038,4000.0,P,O,700,True,32
217905,2024-03-19 07:16:11.634755,2024-03-19 07:16:11.634781,9,8000.0,2276738,P,7050606,8000.0,P,O,746,True,33
217908,2024-03-19 07:17:15.706291,2024-03-19 07:17:15.706319,23,10000.0,2276739,P,7132138,10000.0,P,N,769,True,32
217910,2024-03-19 07:17:38.381231,2024-03-19 07:17:38.381256,23,4000.0,2276740,P,7564768,4000.0,P,N,746,True,24
217913,2024-03-19 07:18:09.946011,2024-03-19 07:18:09.946037,10,9000.0,2276741,P,5801359,9000.0,P,N,704,True,27
217916,2024-03-19 07:18:28.688151,2024-03-19 07:18:28.688176,23,8000.0,2276742,P,5451189,8000.0,P,O,774,True,26
217920,2024-03-19 07:19:16.801176,2024-03-19 07:19:16.801222,9,10000.0,2276743,P,6451463,10000.0,P,O,724,True,27
217924,2024-03-19 07:20:24.961710,2024-03-19 07:20:24.961745,9,4200.0,2276744,P,4017320,4200.0,P,O,766,True,23
217926,2024-03-19 07:20:49.151579,2024-03-19 07:20:49.151608,9,15000.0,2276745,P,3211693,15000.0,P,O,734,True,34
217929,2024-03-19 07:22:08.100472,2024-03-19 07:22:08.100499,25,10000.0,2276746,P,5079501,10000.0,P,O,746,True,35
217936,2024-03-19 07:24:14.378837,2024-03-19 07:24:14.378859,10,2000.0,2276748,P,4150182,2000.0,P,O,731,True,26
217942,2024-03-19 07:25:34.698721,2024-03-19 07:25:34.698744,10,10000.0,2276749,P,6276656,10000.0,P,O,739,True,24
217946,2024-03-19 07:26:20.160586,2024-03-19 07:26:20.160625,10,9000.0,2276750,P,6724770,9000.0,P,O,713,True,34
217950,2024-03-19 07:26:54.950537,2024-03-19 07:26:54.950559,10,6000.0,2276751,P,4672004,6000.0,P,O,766,True,27
218001,2024-03-19 07:45:34.309795,2024-03-19 07:45:34.309828,10,4000.0,2276764,P,7401948,4000.0,P,O,739,True,19
217956,2024-03-19 07:28:13.378318,2024-03-19 07:28:13.378347,10,10000.0,2276752,P,5577384,10000.0,P,O,765,True,37
217957,2024-03-19 07:29:04.234152,2024-03-19 07:29:04.234177,10,6700.0,2276753,P,3239437,6700.0,P,O,728,True,59
217958,2024-03-19 07:29:29.811284,2024-03-19 07:29:29.811311,10,10000.0,2276754,P,4877167,10000.0,P,O,790,True,43
217961,2024-03-19 07:29:43.634799,2024-03-19 07:29:43.634823,10,10000.0,2276755,P,6412150,10000.0,P,O,760,True,25
217967,2024-03-19 07:31:41.348614,2024-03-19 07:31:41.348667,10,4000.0,2276756,P,6235165,4000.0,P,O,765,True,23
217969,2024-03-19 07:33:51.626340,2024-03-19 07:33:51.626365,10,9000.0,2276757,P,7547759,9000.0,P,N,776,True,30
217971,2024-03-19 07:35:19.145680,2024-03-19 07:35:19.145708,10,15000.0,2276758,P,1941856,15000.0,P,O,755,True,28
217974,2024-03-19 07:36:12.705743,2024-03-19 07:36:12.705767,10,8000.0,2276759,P,3991393,8000.0,P,O,769,True,35
217981,2024-03-19 07:37:15.728799,2024-03-19 07:37:15.728834,25,9000.0,2276760,P,6779349,2000.0,P,O,766,True,37
217998,2024-03-19 07:44:19.836041,2024-03-19 07:44:19.836067,10,8000.0,2276762,P,5829779,8000.0,P,O,769,True,38
217999,2024-03-19 07:44:31.167026,2024-03-19 07:44:31.167060,10,6000.0,2276763,P,5162804,6000.0,P,O,782,True,35
217987,2024-03-19 07:40:35.090628,2024-03-19 07:40:35.090653,10,4000.0,2276761,P,6753538,4000.0,P,N,757,True,25
218003,2024-03-19 07:46:22.754049,2024-03-19 07:46:22.754084,10,2000.0,2276765,P,6210674,2000.0,P,O,746,True,21
218006,2024-03-19 07:46:39.378013,2024-03-19 07:46:39.378041,10,4000.0,2276766,P,7196267,4000.0,P,O,820,True,28
218009,2024-03-19 07:47:24.772795,2024-03-19 07:47:24.772823,10,15000.0,2276767,P,2489851,15000.0,P,O,757,True,39
218010,2024-03-19 07:47:45.534944,2024-03-19 07:47:45.534971,10,8000.0,2276768,P,115869,2000.0,P,O,783,True,25
218014,2024-03-19 07:48:20.916945,2024-03-19 07:48:20.916969,10,4000.0,2276769,P,7246749,4000.0,P,O,736,True,24
218087,2024-03-19 08:09:37.367243,2024-03-19 08:09:37.367267,10,8000.0,2276798,P,4426478,8000.0,P,O,736,True,24
218089,2024-03-19 08:10:48.592409,2024-03-19 08:10:48.592437,10,8000.0,2276799,P,7033928,8000.0,P,N,762,True,23
218091,2024-03-19 08:10:58.205961,2024-03-19 08:10:58.205996,9,9000.0,2276800,P,6125960,9000.0,P,O,761,True,24
218093,2024-03-19 08:12:19.823177,2024-03-19 08:12:19.823203,23,10000.0,2276801,P,6783602,10000.0,P,N,770,True,43
218094,2024-03-19 08:12:21.953472,2024-03-19 08:12:21.953498,10,8000.0,2276802,P,7278484,8000.0,P,N,722,True,32
218102,2024-03-19 08:14:29.075156,2024-03-19 08:14:29.075191,10,6000.0,2276803,P,4886453,6000.0,P,O,731,True,31
218108,2024-03-19 08:16:00.602721,2024-03-19 08:16:00.602755,9,10000.0,2276804,P,5893826,10000.0,P,O,755,True,24
218111,2024-03-19 08:16:33.603806,2024-03-19 08:16:33.603834,10,6000.0,2276805,P,6473414,6000.0,P,N,746,True,37
218114,2024-03-19 08:18:24.159406,2024-03-19 08:18:24.159431,23,10000.0,2276806,P,4945460,10000.0,P,O,761,True,31
218118,2024-03-19 08:19:48.807514,2024-03-19 08:19:48.807539,10,8000.0,2276807,P,7545159,8000.0,P,N,746,True,42
218143,2024-03-19 08:27:12.738514,2024-03-19 08:27:12.738542,23,4000.0,2276815,P,4813203,4000.0,P,O,758,True,41
218120,2024-03-19 08:20:37.450653,2024-03-19 08:20:37.450688,10,5000.0,2276808,P,6614188,5000.0,P,O,746,True,36
218121,2024-03-19 08:21:17.487429,2024-03-19 08:21:17.487461,10,4000.0,2276809,P,6050744,4000.0,P,O,724,True,28
218123,2024-03-19 08:22:08.794613,2024-03-19 08:22:08.794648,10,10000.0,2276810,P,7279524,10000.0,P,O,773,True,31
218144,2024-03-19 08:27:21.628313,2024-03-19 08:27:21.628341,23,4000.0,2276816,P,7159145,3900.0,P,N,732,True,23
218129,2024-03-19 08:23:47.676856,2024-03-19 08:23:47.676889,9,8000.0,2276811,P,6525893,8000.0,P,O,746,True,38
218132,2024-03-19 08:24:53.836028,2024-03-19 08:24:53.836054,10,9000.0,2276813,P,6935687,7500.0,P,O,777,True,49
218137,2024-03-19 08:25:47.401131,2024-03-19 08:25:47.401156,10,8000.0,2276814,P,6697084,8000.0,P,O,779,True,22
218146,2024-03-19 08:27:42.451283,2024-03-19 08:27:42.451309,9,4000.0,2276817,P,4769217,4000.0,P,O,741,True,28
218154,2024-03-19 08:29:21.985423,2024-03-19 08:29:21.985450,10,2000.0,2276818,P,368638,2000.0,P,O,782,True,39
218155,2024-03-19 08:30:03.810115,2024-03-19 08:30:03.810142,10,4000.0,2276819,P,5022678,4000.0,P,O,746,True,24
218163,2024-03-19 08:31:06.914735,2024-03-19 08:31:06.914760,23,12000.0,2276820,P,2701228,12000.0,P,O,754,True,33
218164,2024-03-19 08:31:07.287271,2024-03-19 08:31:07.287300,23,4000.0,2276821,P,6247006,4000.0,P,O,746,True,29
218166,2024-03-19 08:31:26.458755,2024-03-19 08:31:26.458787,23,10000.0,2276822,P,4989724,6500.0,P,O,720,True,28
218174,2024-03-19 08:32:32.497994,2024-03-19 08:32:32.498018,9,9000.0,2276824,P,7222544,9000.0,P,O,722,True,37
218179,2024-03-19 08:32:56.915351,2024-03-19 08:32:56.915385,10,10000.0,2276825,P,5258371,10000.0,P,O,830,True,32
218182,2024-03-19 08:33:25.161892,2024-03-19 08:33:25.161917,10,2000.0,2276826,P,2168443,2000.0,P,O,740,True,23
218183,2024-03-19 08:33:48.522247,2024-03-19 08:33:48.522290,10,12600.0,2276827,P,6121510,8000.0,P,O,776,True,28
218189,2024-03-19 08:35:50.499667,2024-03-19 08:35:50.499696,23,17400.0,2276828,P,2587159,17400.0,P,O,720,True,34
218210,2024-03-19 08:39:32.136403,2024-03-19 08:39:32.136436,10,10000.0,2276834,P,5129877,10000.0,P,O,756,True,40
218198,2024-03-19 08:37:59.522316,2024-03-19 08:37:59.522340,9,5300.0,2276829,P,4860073,5300.0,P,O,734,True,31
218199,2024-03-19 08:38:02.936836,2024-03-19 08:38:02.936863,9,2000.0,2276830,P,6218178,2000.0,P,O,768,True,22
218201,2024-03-19 08:38:09.263668,2024-03-19 08:38:09.263694,9,6000.0,2276831,P,6134688,6000.0,P,O,775,True,27
218213,2024-03-19 08:39:44.324604,2024-03-19 08:39:44.324634,23,10000.0,2276835,P,2857379,10000.0,P,N,769,True,43
218221,2024-03-19 08:40:23.732354,2024-03-19 08:40:23.732380,10,4000.0,2276839,P,6391134,4000.0,P,N,746,True,27
218206,2024-03-19 08:38:52.029535,2024-03-19 08:38:52.029567,10,2000.0,2276832,P,2949417,2000.0,P,O,746,True,28
218207,2024-03-19 08:38:53.289100,2024-03-19 08:38:53.289128,10,9000.0,2276833,P,7511430,9000.0,P,N,758,True,26
218215,2024-03-19 08:40:06.499275,2024-03-19 08:40:06.499306,10,10000.0,2276836,P,6012648,10000.0,P,N,769,True,38
218217,2024-03-19 08:40:11.915064,2024-03-19 08:40:11.915095,10,10000.0,2276837,P,1033864,10000.0,P,O,703,True,49
218218,2024-03-19 08:40:13.866694,2024-03-19 08:40:13.866775,10,10000.0,2276838,P,6277331,10000.0,P,O,746,True,38
218224,2024-03-19 08:40:56.705804,2024-03-19 08:40:56.705828,9,9000.0,2276840,P,6050287,9000.0,P,O,711,True,35
218225,2024-03-19 08:41:11.285636,2024-03-19 08:41:11.285669,9,4000.0,2276841,P,5956625,4000.0,P,O,721,True,27
218267,2024-03-19 08:49:58.313963,2024-03-19 08:49:58.313997,10,9000.0,2276860,P,7579577,9000.0,P,N,732,True,30
218228,2024-03-19 08:42:25.879436,2024-03-19 08:42:25.879461,23,9000.0,2276842,P,2612724,9000.0,P,O,738,True,30
218229,2024-03-19 08:42:51.536502,2024-03-19 08:42:51.536527,23,4000.0,2276843,P,4613247,4000.0,P,O,728,True,25
218230,2024-03-19 08:42:58.882523,2024-03-19 08:42:58.882550,9,5000.0,2276844,P,4364952,5000.0,P,O,766,True,27
218231,2024-03-19 08:42:59.799946,2024-03-19 08:42:59.799969,9,10000.0,2276845,P,5642479,10000.0,P,O,762,True,34
218233,2024-03-19 08:43:19.450317,2024-03-19 08:43:19.450342,10,4000.0,2276846,P,7579540,4000.0,P,N,746,True,22
218234,2024-03-19 08:43:29.491227,2024-03-19 08:43:29.491264,9,8000.0,2276847,P,3373760,8000.0,P,O,731,True,33
218235,2024-03-19 08:43:38.460372,2024-03-19 08:43:38.460398,9,5000.0,2276848,P,2178718,5000.0,P,O,797,True,36
218241,2024-03-19 08:44:30.658869,2024-03-19 08:44:30.658895,23,6000.0,2276850,P,5430917,6000.0,P,O,711,True,33
218242,2024-03-19 08:44:31.831127,2024-03-19 08:44:31.831159,23,8000.0,2276851,P,4575498,5000.0,P,O,713,True,22
218243,2024-03-19 08:44:45.283055,2024-03-19 08:44:45.283089,23,9000.0,2276852,P,7262677,9000.0,P,O,788,True,34
218249,2024-03-19 08:45:08.577405,2024-03-19 08:45:08.577438,9,8000.0,2276853,P,5235671,8000.0,P,O,751,True,22
218269,2024-03-19 08:50:36.413575,2024-03-19 08:50:36.413599,23,2000.0,2276861,P,6967456,2000.0,P,N,746,True,32
218273,2024-03-19 08:52:11.736921,2024-03-19 08:52:11.736945,10,8000.0,2276862,P,4077144,8000.0,P,O,745,True,35
218252,2024-03-19 08:46:02.838271,2024-03-19 08:46:02.838295,23,10000.0,2276854,P,3117375,10000.0,P,O,710,True,34
218253,2024-03-19 08:46:03.947301,2024-03-19 08:46:03.947324,23,4000.0,2276855,P,4455883,4000.0,P,O,746,True,33
218254,2024-03-19 08:46:12.756313,2024-03-19 08:46:12.756336,23,10000.0,2276856,P,3409233,10000.0,P,O,712,True,33
218277,2024-03-19 08:53:04.203764,2024-03-19 08:53:04.203789,23,5000.0,2276863,P,7399433,5000.0,P,N,721,True,24
218278,2024-03-19 08:53:06.226750,2024-03-19 08:53:06.226776,9,7500.0,2276864,P,4832054,7500.0,P,O,766,True,29
218255,2024-03-19 08:46:28.318546,2024-03-19 08:46:28.318578,23,9000.0,2276857,P,7149750,7000.0,P,O,761,True,27
218256,2024-03-19 08:46:58.588173,2024-03-19 08:46:58.588198,10,10000.0,2276858,P,5949266,10000.0,P,O,762,True,25
218279,2024-03-19 08:53:17.378581,2024-03-19 08:53:17.378611,9,9000.0,2276865,P,6467385,9000.0,P,O,746,True,24
218266,2024-03-19 08:49:36.215476,2024-03-19 08:49:36.215512,23,20000.0,2276859,P,4520059,20000.0,P,O,765,True,31
218287,2024-03-19 08:54:48.785739,2024-03-19 08:54:48.785763,23,2000.0,2276867,P,6774285,2000.0,P,O,711,True,25
218288,2024-03-19 08:54:59.583064,2024-03-19 08:54:59.583089,23,10000.0,2276868,P,4875942,10000.0,P,O,726,True,38
218289,2024-03-19 08:54:59.816298,2024-03-19 08:54:59.816322,23,2000.0,2276869,P,4374447,2000.0,P,O,734,True,20
218300,2024-03-19 08:56:52.240981,2024-03-19 08:56:52.241008,10,4000.0,2276870,P,6893272,4000.0,P,O,746,True,31
218302,2024-03-19 08:57:16.491063,2024-03-19 08:57:16.491092,9,4000.0,2276871,P,4954386,4000.0,P,O,733,True,27
218303,2024-03-19 08:57:36.045155,2024-03-19 08:57:36.045178,9,1000.0,2276872,P,7038884,1000.0,P,O,713,True,19
218342,2024-03-19 09:06:08.457606,2024-03-19 09:06:08.457709,10,15000.0,2276882,P,4068651,15000.0,P,O,732,True,26
218308,2024-03-19 08:58:51.654925,2024-03-19 08:58:51.654955,10,6000.0,2276873,P,4622803,6000.0,P,O,761,True,25
218314,2024-03-19 08:59:56.336125,2024-03-19 08:59:56.336149,9,6000.0,2276874,P,6000489,6000.0,P,O,746,True,43
218318,2024-03-19 09:00:52.143293,2024-03-19 09:00:52.143319,9,10000.0,2276875,P,7240070,10000.0,P,O,752,True,28
218343,2024-03-19 09:06:11.394437,2024-03-19 09:06:11.394461,10,10000.0,2276883,P,7569225,10000.0,P,N,776,True,30
218323,2024-03-19 09:01:29.708701,2024-03-19 09:01:29.708733,23,6000.0,2276876,P,6068014,6000.0,P,O,746,True,37
218324,2024-03-19 09:01:57.290617,2024-03-19 09:01:57.290643,10,4000.0,2276877,P,6072477,4000.0,P,O,746,True,29
218360,2024-03-19 09:08:27.698645,2024-03-19 09:08:27.698669,23,4000.0,2276889,P,5106549,4000.0,P,O,736,True,25
218329,2024-03-19 09:02:56.403232,2024-03-19 09:02:56.403265,23,6000.0,2276878,P,2381314,6000.0,P,O,766,True,31
218345,2024-03-19 09:06:40.311676,2024-03-19 09:06:40.311709,10,8000.0,2276884,P,4317350,2500.0,P,N,746,True,35
218346,2024-03-19 09:06:59.760414,2024-03-19 09:06:59.760448,9,9000.0,2276885,P,784904,9000.0,P,O,755,True,31
218349,2024-03-19 09:07:15.066795,2024-03-19 09:07:15.066818,9,4000.0,2276887,P,7094928,4000.0,P,O,703,True,34
218337,2024-03-19 09:05:29.212905,2024-03-19 09:05:29.212931,23,15000.0,2276879,P,6364941,15000.0,P,O,734,True,41
218339,2024-03-19 09:05:58.632914,2024-03-19 09:05:58.633002,10,2000.0,2276880,P,6498215,2000.0,P,N,750,True,34
218340,2024-03-19 09:06:04.634514,2024-03-19 09:06:04.634538,10,4000.0,2276881,P,5439719,4000.0,P,O,770,True,28
218356,2024-03-19 09:07:52.981798,2024-03-19 09:07:52.981831,23,5000.0,2276888,P,6935050,5000.0,P,O,765,True,55
218366,2024-03-19 09:10:33.385465,2024-03-19 09:10:33.385498,23,6000.0,2276890,P,5913952,6000.0,P,O,723,True,41
218367,2024-03-19 09:10:49.664089,2024-03-19 09:10:49.664115,23,8000.0,2276891,P,2108197,8000.0,P,O,810,True,34
218370,2024-03-19 09:11:20.080408,2024-03-19 09:11:20.080435,10,10000.0,2276892,P,1268091,10000.0,P,O,746,True,29
218371,2024-03-19 09:11:22.668983,2024-03-19 09:11:22.669008,9,5000.0,2276893,P,6912812,5000.0,P,O,761,True,37
218372,2024-03-19 09:11:35.937977,2024-03-19 09:11:35.938012,9,2000.0,2276894,P,6607659,2000.0,P,O,746,True,28
218373,2024-03-19 09:11:47.006345,2024-03-19 09:11:47.006422,9,4000.0,2276895,P,5637810,4000.0,P,O,757,True,55
218375,2024-03-19 09:11:50.295260,2024-03-19 09:11:50.295283,10,10000.0,2276896,P,6097264,10000.0,P,O,770,True,32
218377,2024-03-19 09:12:19.678069,2024-03-19 09:12:19.678101,23,10000.0,2276897,P,6841830,10000.0,P,O,774,True,35
218380,2024-03-19 09:12:37.073053,2024-03-19 09:12:37.073078,23,6000.0,2276898,P,3883668,6000.0,P,O,712,True,33
218417,2024-03-19 09:21:49.866839,2024-03-19 09:21:49.866863,10,8000.0,2276910,P,5414997,8000.0,P,O,722,True,29
218387,2024-03-19 09:14:23.356910,2024-03-19 09:14:23.356934,9,4000.0,2276899,P,2543342,4000.0,P,O,746,True,23
218390,2024-03-19 09:14:37.726566,2024-03-19 09:14:37.726594,9,4000.0,2276900,P,7012544,4000.0,P,O,746,True,41
218391,2024-03-19 09:14:54.600297,2024-03-19 09:14:54.600324,23,6000.0,2276901,P,5560986,6000.0,P,O,757,True,21
218420,2024-03-19 09:22:17.518540,2024-03-19 09:22:17.518569,23,6000.0,2276911,P,3017560,6000.0,P,O,708,True,35
218392,2024-03-19 09:15:14.231152,2024-03-19 09:15:14.231182,23,6000.0,2276902,P,4577892,6000.0,P,O,768,True,37
218395,2024-03-19 09:15:38.962601,2024-03-19 09:15:38.962626,23,5000.0,2276903,P,7125115,5000.0,P,N,779,True,36
218432,2024-03-19 09:24:29.561509,2024-03-19 09:24:29.561532,10,6000.0,2276917,P,1415552,6000.0,P,O,729,True,30
218397,2024-03-19 09:16:11.072705,2024-03-19 09:16:11.072733,10,15000.0,2276904,P,1728187,15000.0,P,O,747,True,35
218402,2024-03-19 09:17:52.403754,2024-03-19 09:17:52.403786,10,10000.0,2276906,P,7362158,10000.0,P,N,761,True,31
218405,2024-03-19 09:18:26.608827,2024-03-19 09:18:26.608855,9,4000.0,2276907,P,6517240,4000.0,P,O,734,True,22
218407,2024-03-19 09:19:36.607445,2024-03-19 09:19:36.607480,10,8900.0,2276908,P,5148027,8900.0,P,O,700,True,23
218414,2024-03-19 09:20:36.160041,2024-03-19 09:20:36.160067,9,8000.0,2276909,P,1942856,8000.0,P,O,790,True,32
218429,2024-03-19 09:23:51.654220,2024-03-19 09:23:51.654246,10,4000.0,2276915,P,7579655,4000.0,P,N,757,True,44
218423,2024-03-19 09:22:55.052301,2024-03-19 09:22:55.052327,9,10000.0,2276912,P,5208279,10000.0,P,O,760,True,29
218424,2024-03-19 09:23:01.215196,2024-03-19 09:23:01.215229,9,2000.0,2276913,P,5254978,2000.0,P,O,705,True,23
218425,2024-03-19 09:23:02.715424,2024-03-19 09:23:02.715448,9,4000.0,2276914,P,7244782,4000.0,P,O,788,True,29
218431,2024-03-19 09:24:29.141834,2024-03-19 09:24:29.141857,10,4000.0,2276916,P,5358586,4000.0,P,O,709,True,30
218434,2024-03-19 09:24:42.460521,2024-03-19 09:24:42.460547,10,10000.0,2276918,P,6110863,10000.0,P,O,776,True,45
218435,2024-03-19 09:25:20.650740,2024-03-19 09:25:20.650766,10,2000.0,2276919,P,6785540,2000.0,P,N,776,True,22
218436,2024-03-19 09:25:22.418177,2024-03-19 09:25:22.418214,23,8000.0,2276920,P,6124495,8000.0,P,O,736,True,57
218440,2024-03-19 09:26:25.563817,2024-03-19 09:26:25.563847,10,6000.0,2276921,P,4777564,6000.0,P,O,788,True,37
218444,2024-03-19 09:26:53.474373,2024-03-19 09:26:53.474397,9,8000.0,2276923,P,7405443,8000.0,P,O,720,True,30
218446,2024-03-19 09:27:16.083703,2024-03-19 09:27:16.083738,9,10000.0,2276924,P,5255865,10000.0,P,O,729,True,38
218448,2024-03-19 09:28:11.729846,2024-03-19 09:28:11.729876,10,6000.0,2276925,P,3293813,6000.0,P,O,741,True,24
218449,2024-03-19 09:28:16.434687,2024-03-19 09:28:16.434715,10,5000.0,2276926,P,6457273,5000.0,P,O,766,True,50
218452,2024-03-19 09:28:42.254879,2024-03-19 09:28:42.254921,9,9000.0,2276927,P,4230578,9000.0,P,O,700,True,42
218457,2024-03-19 09:29:43.409032,2024-03-19 09:29:43.409059,23,6200.0,2276928,P,4277343,6200.0,P,O,746,True,27
218458,2024-03-19 09:30:01.669570,2024-03-19 09:30:01.669595,10,4000.0,2276929,P,3659388,4000.0,P,O,757,True,39
218459,2024-03-19 09:30:02.361622,2024-03-19 09:30:02.361647,10,8000.0,2276930,P,2888305,8000.0,P,O,789,True,28
218460,2024-03-19 09:30:09.231152,2024-03-19 09:30:09.231176,10,8000.0,2276931,P,6365206,4000.0,P,O,767,True,31
218461,2024-03-19 09:30:14.548402,2024-03-19 09:30:14.548462,10,9000.0,2276932,P,7039730,9000.0,P,O,748,True,45
218463,2024-03-19 09:30:32.951729,2024-03-19 09:30:32.951759,10,1000.0,2276933,P,7122619,1000.0,P,N,713,True,23
218464,2024-03-19 09:30:45.741413,2024-03-19 09:30:45.741452,9,8200.0,2276934,P,3895072,5500.0,P,O,737,True,48
218467,2024-03-19 09:31:51.469996,2024-03-19 09:31:51.470022,23,4000.0,2276935,P,4611595,4000.0,P,O,745,True,25
218472,2024-03-19 09:32:57.880085,2024-03-19 09:32:57.880114,9,4000.0,2276936,P,4619955,4000.0,P,O,710,True,33
218473,2024-03-19 09:33:00.442622,2024-03-19 09:33:00.442650,9,5000.0,2276937,P,7373626,5000.0,P,O,720,True,37
218505,2024-03-19 09:38:02.716643,2024-03-19 09:38:02.716679,10,2000.0,2276946,P,4986218,2000.0,P,O,746,True,28
218476,2024-03-19 09:33:46.053864,2024-03-19 09:33:46.053897,9,6000.0,2276938,P,4697373,6000.0,P,O,755,True,55
218478,2024-03-19 09:34:00.557354,2024-03-19 09:34:00.557379,23,4000.0,2276939,P,5886077,4000.0,P,O,687,True,27
218486,2024-03-19 09:35:16.279903,2024-03-19 09:35:16.279929,10,8000.0,2276940,P,7345166,7500.0,P,N,751,True,31
218489,2024-03-19 09:35:23.093205,2024-03-19 09:35:23.093230,10,5000.0,2276941,P,4315453,5000.0,P,O,767,True,24
218493,2024-03-19 09:35:48.411176,2024-03-19 09:35:48.411201,23,8000.0,2276942,P,6814137,8000.0,P,O,764,True,26
218498,2024-03-19 09:36:24.884760,2024-03-19 09:36:24.884788,9,8000.0,2276943,P,1421229,8000.0,P,O,766,True,26
218501,2024-03-19 09:37:32.759599,2024-03-19 09:37:32.759627,23,4000.0,2276944,P,3241214,4000.0,P,O,746,True,29
218502,2024-03-19 09:37:34.924386,2024-03-19 09:37:34.924414,23,8000.0,2276945,P,5411549,8000.0,P,O,736,True,30
218506,2024-03-19 09:39:08.103149,2024-03-19 09:39:08.103175,23,4000.0,2276947,P,5431448,4000.0,P,O,759,True,27
218517,2024-03-19 09:40:10.430383,2024-03-19 09:40:10.430409,10,10000.0,2276949,P,4052011,10000.0,P,O,728,True,27
218518,2024-03-19 09:40:13.878842,2024-03-19 09:40:13.878864,10,2000.0,2276950,P,5208083,2000.0,P,O,746,True,25
218520,2024-03-19 09:40:21.043495,2024-03-19 09:40:21.043521,9,10000.0,2276951,P,7387663,10000.0,P,O,745,True,34
218524,2024-03-19 09:41:22.592626,2024-03-19 09:41:22.592687,23,14500.0,2276952,P,5856223,14500.0,P,O,760,True,27
218526,2024-03-19 09:41:45.414784,2024-03-19 09:41:45.414819,23,8000.0,2276953,P,4440597,8000.0,P,O,752,True,20
218527,2024-03-19 09:42:09.429162,2024-03-19 09:42:09.429185,10,4000.0,2276954,P,2980488,4000.0,P,O,722,True,34
218556,2024-03-19 09:47:36.060683,2024-03-19 09:47:36.060712,9,10000.0,2276962,P,2712712,10000.0,P,O,779,True,37
218557,2024-03-19 09:47:43.221237,2024-03-19 09:47:43.221262,9,2000.0,2276963,P,6707287,2000.0,P,O,737,True,30
218535,2024-03-19 09:43:55.025309,2024-03-19 09:43:55.025342,10,10000.0,2276955,P,1390919,10000.0,P,N,753,True,45
218566,2024-03-19 09:49:24.646435,2024-03-19 09:49:24.646610,10,8000.0,2276967,P,6413806,8000.0,P,N,746,True,26
218558,2024-03-19 09:48:00.815498,2024-03-19 09:48:00.815528,23,9000.0,2276964,P,3148333,9000.0,P,O,796,True,41
218537,2024-03-19 09:44:32.309156,2024-03-19 09:44:32.309181,23,5000.0,2276956,P,7440743,5000.0,P,O,744,True,48
218538,2024-03-19 09:44:33.695511,2024-03-19 09:44:33.695537,10,4000.0,2276957,P,5626121,4000.0,P,N,701,True,26
218540,2024-03-19 09:44:38.306216,2024-03-19 09:44:38.306240,9,4000.0,2276958,P,6991291,4000.0,P,O,746,True,27
218542,2024-03-19 09:44:43.466393,2024-03-19 09:44:43.466420,23,10000.0,2276959,P,5881954,10000.0,P,O,746,True,24
218548,2024-03-19 09:46:12.091387,2024-03-19 09:46:12.091411,23,9000.0,2276960,P,6876617,9000.0,P,O,739,True,24
218554,2024-03-19 09:47:09.543603,2024-03-19 09:47:09.543638,10,5000.0,2276961,P,7470964,5000.0,P,N,769,True,39
218561,2024-03-19 09:48:30.639606,2024-03-19 09:48:30.639631,23,6000.0,2276965,P,4914107,6000.0,P,O,746,True,35
218570,2024-03-19 09:50:11.556870,2024-03-19 09:50:11.556895,9,17000.0,2276968,P,926181,17000.0,P,O,720,True,33
218580,2024-03-19 09:52:32.665489,2024-03-19 09:52:32.665514,23,8000.0,2276970,P,1826965,8000.0,P,O,706,True,33
218563,2024-03-19 09:48:41.812176,2024-03-19 09:48:41.812200,23,4000.0,2276966,P,6217824,4000.0,P,O,771,True,20
218576,2024-03-19 09:50:44.476521,2024-03-19 09:50:44.476545,10,10000.0,2276969,P,6696701,10000.0,P,O,761,True,45
218583,2024-03-19 09:52:49.755931,2024-03-19 09:52:49.755967,23,6000.0,2276972,P,5094589,6000.0,P,N,819,True,30
218589,2024-03-19 09:53:48.387218,2024-03-19 09:53:48.387241,10,4000.0,2276973,P,2396836,4000.0,P,O,769,True,23
218591,2024-03-19 09:54:02.487660,2024-03-19 09:54:02.487685,10,4000.0,2276974,P,6787747,1000.0,P,N,756,True,30
218596,2024-03-19 09:54:35.855322,2024-03-19 09:54:35.855346,9,8000.0,2276976,P,2181884,8000.0,P,O,746,True,29
218629,2024-03-19 09:59:40.270975,2024-03-19 09:59:40.271001,23,4000.0,2276988,P,5015532,4000.0,P,O,737,True,36
218630,2024-03-19 09:59:54.154087,2024-03-19 09:59:54.154111,23,4000.0,2276989,P,5292752,4000.0,P,O,769,True,25
218600,2024-03-19 09:55:17.518169,2024-03-19 09:55:17.518194,9,4000.0,2276977,P,6509087,4000.0,P,O,721,True,23
218602,2024-03-19 09:55:22.256215,2024-03-19 09:55:22.256241,9,10000.0,2276978,P,7200541,10000.0,P,O,761,True,38
218612,2024-03-19 09:56:47.020970,2024-03-19 09:56:47.020998,10,9000.0,2276979,P,7103170,8500.0,P,O,749,True,33
218614,2024-03-19 09:57:25.484246,2024-03-19 09:57:25.484272,9,6000.0,2276980,P,2798296,6000.0,P,O,773,True,30
218615,2024-03-19 09:57:33.180233,2024-03-19 09:57:33.180257,9,20000.0,2276981,P,1842230,20000.0,P,O,728,True,48
218617,2024-03-19 09:57:48.481182,2024-03-19 09:57:48.481207,9,15000.0,2276982,P,6256189,15000.0,P,O,748,True,25
218619,2024-03-19 09:58:08.823847,2024-03-19 09:58:08.823878,10,9000.0,2276983,P,7567608,9000.0,P,N,742,True,34
218622,2024-03-19 09:58:30.947394,2024-03-19 09:58:30.947468,23,9000.0,2276985,P,7055949,9000.0,P,O,751,True,28
218623,2024-03-19 09:58:44.855974,2024-03-19 09:58:44.856009,23,2000.0,2276986,P,3135720,2000.0,P,O,746,True,34
218085,2024-03-19 08:09:32.130880,2024-03-19 08:09:32.130912,10,5800.0,2276797,P,2453669,5800.0,P,O,746,True,36
219079,2024-03-19 10:58:18.900501,2024-03-19 10:58:18.900525,23,10100.0,2277151,P,2675885,3000.0,P,O,770,True,33
219080,2024-03-19 10:58:22.459654,2024-03-19 10:58:22.459690,23,6000.0,2277152,P,7404917,1000.0,P,O,779,True,43
219082,2024-03-19 10:58:25.506193,2024-03-19 10:58:25.506216,23,18000.0,2277153,P,1047287,18000.0,P,O,777,True,40
219083,2024-03-19 10:58:30.517475,2024-03-19 10:58:30.517502,23,15000.0,2277154,P,3320834,8000.0,P,O,757,True,32
219084,2024-03-19 10:58:48.275928,2024-03-19 10:58:48.275953,23,8000.0,2277155,P,6696692,8000.0,P,O,709,True,28
219085,2024-03-19 10:58:55.772607,2024-03-19 10:58:55.772630,9,8000.0,2277156,P,6604271,8000.0,P,O,746,True,30
219134,2024-03-19 11:05:03.528872,2024-03-19 11:05:03.528902,9,4000.0,2277174,P,6015896,4000.0,P,O,742,True,40
219087,2024-03-19 10:59:01.042760,2024-03-19 10:59:01.042784,9,8000.0,2277157,P,6946421,8000.0,P,O,763,True,24
219090,2024-03-19 10:59:23.201126,2024-03-19 10:59:23.201150,9,4000.0,2277158,P,5044775,4000.0,P,O,739,True,33
219091,2024-03-19 10:59:29.560703,2024-03-19 10:59:29.560726,9,4000.0,2277159,P,794034,4000.0,P,O,789,True,36
219093,2024-03-19 10:59:34.145629,2024-03-19 10:59:34.145655,25,13500.0,2277160,P,3814664,13500.0,P,O,746,True,32
219095,2024-03-19 10:59:44.346142,2024-03-19 10:59:44.346174,9,8000.0,2277161,P,6552727,8000.0,P,O,746,True,31
219100,2024-03-19 11:00:06.278675,2024-03-19 11:00:06.278708,10,8000.0,2277162,P,7579863,8000.0,P,N,746,True,40
218625,2024-03-19 09:58:54.473516,2024-03-19 09:58:54.473543,10,9000.0,2276987,P,3133733,9000.0,P,O,746,True,27
218640,2024-03-19 10:01:17.059890,2024-03-19 10:01:17.059967,10,4000.0,2276991,P,2108178,4000.0,P,O,768,True,28
218635,2024-03-19 10:00:44.778247,2024-03-19 10:00:44.778274,23,4000.0,2276990,P,6236497,4000.0,P,O,743,True,29
218643,2024-03-19 10:01:34.129882,2024-03-19 10:01:34.129908,10,5000.0,2276992,P,4629109,5000.0,P,O,819,True,27
218644,2024-03-19 10:01:43.386528,2024-03-19 10:01:43.386559,10,4000.0,2276993,P,2472466,4000.0,P,O,773,True,28
218645,2024-03-19 10:01:44.078124,2024-03-19 10:01:44.078158,10,4600.0,2276994,P,4708164,4600.0,P,O,746,True,23
218647,2024-03-19 10:02:05.291848,2024-03-19 10:02:05.291881,9,4000.0,2276995,P,4069139,4000.0,P,O,756,True,23
218648,2024-03-19 10:02:10.121706,2024-03-19 10:02:10.121737,9,4000.0,2276996,P,3184442,4000.0,P,O,746,True,22
218651,2024-03-19 10:02:35.429768,2024-03-19 10:02:35.429814,9,10000.0,2276997,P,5698562,10000.0,P,O,699,True,33
218652,2024-03-19 10:02:44.108995,2024-03-19 10:02:44.109019,10,10000.0,2276998,P,7155123,10000.0,P,N,792,True,45
218655,2024-03-19 10:03:01.452855,2024-03-19 10:03:01.452883,10,10000.0,2276999,P,7215890,10000.0,P,N,777,True,34
218657,2024-03-19 10:03:26.110332,2024-03-19 10:03:26.110366,23,8000.0,2277000,P,6853972,8000.0,P,O,819,True,28
218658,2024-03-19 10:03:44.007267,2024-03-19 10:03:44.007291,23,10000.0,2277001,P,5104614,10000.0,P,O,700,True,27
218663,2024-03-19 10:04:04.830998,2024-03-19 10:04:04.831023,10,8000.0,2277002,P,2864848,8000.0,P,O,747,True,23
218664,2024-03-19 10:04:18.235337,2024-03-19 10:04:18.235361,10,4000.0,2277003,P,5561616,4000.0,P,O,746,True,27
218665,2024-03-19 10:04:34.390223,2024-03-19 10:04:34.390253,10,4000.0,2277004,P,4877112,4000.0,P,O,746,True,29
218668,2024-03-19 10:05:08.561005,2024-03-19 10:05:08.561098,23,8000.0,2277005,P,7304624,8000.0,P,N,754,True,23
218670,2024-03-19 10:05:51.215455,2024-03-19 10:05:51.215502,9,1000.0,2277006,P,7004018,1000.0,P,O,700,True,26
218673,2024-03-19 10:06:06.415641,2024-03-19 10:06:06.415673,10,4000.0,2277007,P,5469857,4000.0,P,N,746,True,24
218674,2024-03-19 10:06:14.481636,2024-03-19 10:06:14.481666,23,10000.0,2277008,P,2808936,10000.0,P,O,770,True,27
218683,2024-03-19 10:08:15.010281,2024-03-19 10:08:15.010305,23,9300.0,2277010,P,4625116,9300.0,P,O,720,True,42
218684,2024-03-19 10:08:47.324501,2024-03-19 10:08:47.324529,23,8000.0,2277011,P,3881039,8000.0,P,O,760,True,23
218692,2024-03-19 10:10:11.098906,2024-03-19 10:10:11.098942,23,4000.0,2277012,P,5708793,4000.0,P,O,724,True,23
218693,2024-03-19 10:10:17.657949,2024-03-19 10:10:17.657974,23,4000.0,2277013,P,5013288,4000.0,P,O,680,True,29
218704,2024-03-19 10:11:42.584819,2024-03-19 10:11:42.584858,23,10000.0,2277014,P,6115379,10000.0,P,O,788,True,39
218706,2024-03-19 10:11:48.070886,2024-03-19 10:11:48.070911,9,5000.0,2277015,P,6308370,5000.0,P,O,786,True,33
218707,2024-03-19 10:11:51.425463,2024-03-19 10:11:51.425485,9,10000.0,2277016,P,4163497,2500.0,P,O,794,True,32
218712,2024-03-19 10:12:23.066661,2024-03-19 10:12:23.066692,23,20000.0,2277017,P,6390512,20000.0,P,O,774,True,36
218713,2024-03-19 10:12:34.337351,2024-03-19 10:12:34.337375,10,9000.0,2277018,P,7533268,9000.0,P,O,730,True,35
218715,2024-03-19 10:12:50.944521,2024-03-19 10:12:50.944547,23,9000.0,2277019,P,6776126,1500.0,P,O,749,True,29
218718,2024-03-19 10:13:13.468887,2024-03-19 10:13:13.468921,9,4000.0,2277020,P,6592846,4000.0,P,O,773,True,38
218721,2024-03-19 10:13:40.289026,2024-03-19 10:13:40.289057,9,4000.0,2277022,P,5755839,4000.0,P,O,746,True,32
218723,2024-03-19 10:14:08.091885,2024-03-19 10:14:08.091972,9,8000.0,2277023,P,7302458,8000.0,P,O,749,True,25
218726,2024-03-19 10:14:21.212934,2024-03-19 10:14:21.212959,9,10000.0,2277024,P,7372876,10000.0,P,O,756,True,44
218727,2024-03-19 10:14:24.083284,2024-03-19 10:14:24.083316,9,10000.0,2277025,P,7326781,10000.0,P,O,730,True,42
218733,2024-03-19 10:15:05.370430,2024-03-19 10:15:05.370460,10,4000.0,2277026,P,4298933,4000.0,P,O,743,True,22
218734,2024-03-19 10:15:14.526377,2024-03-19 10:15:14.526404,10,9000.0,2277027,P,7571252,9000.0,P,N,761,True,20
218778,2024-03-19 10:21:19.449255,2024-03-19 10:21:19.449284,23,8000.0,2277047,P,7463771,8000.0,P,O,746,True,26
218737,2024-03-19 10:15:36.874152,2024-03-19 10:15:36.874178,10,6000.0,2277028,P,5701319,3000.0,P,O,757,True,30
218739,2024-03-19 10:15:51.283132,2024-03-19 10:15:51.283158,10,6000.0,2277029,P,5188395,6000.0,P,O,768,True,22
218740,2024-03-19 10:15:52.048173,2024-03-19 10:15:52.048205,10,6000.0,2277030,P,5202622,6000.0,P,O,741,True,52
218765,2024-03-19 10:18:59.128124,2024-03-19 10:18:59.128150,23,6000.0,2277038,P,7307369,2000.0,P,O,746,True,29
218766,2024-03-19 10:19:00.496736,2024-03-19 10:19:00.496768,23,10000.0,2277039,P,1959823,10000.0,P,O,726,True,36
218741,2024-03-19 10:16:41.324525,2024-03-19 10:16:41.324557,23,10000.0,2277031,P,5543675,10000.0,P,O,777,True,34
218747,2024-03-19 10:17:12.552854,2024-03-19 10:17:12.552884,10,4000.0,2277032,P,7216069,4000.0,P,O,725,True,23
218748,2024-03-19 10:17:21.316065,2024-03-19 10:17:21.316094,10,4000.0,2277033,P,5982861,4000.0,P,O,746,True,30
218749,2024-03-19 10:17:22.599569,2024-03-19 10:17:22.599601,10,5000.0,2277034,P,7233878,5000.0,P,O,740,True,23
218750,2024-03-19 10:17:23.312752,2024-03-19 10:17:23.312791,10,12000.0,2277035,P,1144808,12000.0,P,O,729,True,27
218767,2024-03-19 10:19:29.695003,2024-03-19 10:19:29.695033,23,4000.0,2277040,P,5033332,4000.0,P,O,745,True,29
218768,2024-03-19 10:19:39.846651,2024-03-19 10:19:39.846678,10,6000.0,2277041,P,7110063,3500.0,P,N,746,True,35
218761,2024-03-19 10:18:21.183259,2024-03-19 10:18:21.183285,23,11200.0,2277036,P,4794928,1000.0,P,O,713,True,28
218770,2024-03-19 10:20:04.425773,2024-03-19 10:20:04.425801,23,9000.0,2277042,P,6136918,9000.0,P,O,770,True,37
218762,2024-03-19 10:18:24.058936,2024-03-19 10:18:24.058959,10,8000.0,2277037,P,7578569,8000.0,P,N,749,True,24
218772,2024-03-19 10:20:28.854905,2024-03-19 10:20:28.854931,10,20000.0,2277043,P,7002582,20000.0,P,N,769,True,32
218773,2024-03-19 10:20:32.787478,2024-03-19 10:20:32.787503,9,12000.0,2277044,P,4399421,1500.0,P,O,737,True,31
218776,2024-03-19 10:21:09.010550,2024-03-19 10:21:09.010577,9,20000.0,2277046,P,4604678,20000.0,P,O,784,True,39
218779,2024-03-19 10:21:44.055092,2024-03-19 10:21:44.055117,10,15000.0,2277048,P,6383701,15000.0,P,N,769,True,25
218780,2024-03-19 10:21:47.750247,2024-03-19 10:21:47.750275,25,9000.0,2277049,P,6866136,2000.0,P,O,768,True,29
218782,2024-03-19 10:22:22.639143,2024-03-19 10:22:22.639166,25,2000.0,2277050,P,6470685,2000.0,P,O,746,True,21
218786,2024-03-19 10:22:59.876039,2024-03-19 10:22:59.876068,25,9000.0,2277051,P,464822,9000.0,P,O,788,True,27
218797,2024-03-19 10:25:20.468690,2024-03-19 10:25:20.468730,9,15000.0,2277052,P,3042863,15000.0,P,O,746,True,29
218800,2024-03-19 10:25:38.528735,2024-03-19 10:25:38.528764,23,2000.0,2277053,P,7197897,1000.0,P,O,737,True,39
218802,2024-03-19 10:25:45.601783,2024-03-19 10:25:45.601829,25,10000.0,2277054,P,365144,10000.0,P,O,747,True,34
218803,2024-03-19 10:25:55.573659,2024-03-19 10:25:55.573687,25,10000.0,2277055,P,6396815,10000.0,P,O,760,True,42
218808,2024-03-19 10:26:43.469483,2024-03-19 10:26:43.469512,25,8000.0,2277056,P,5803581,8000.0,P,O,728,True,32
218812,2024-03-19 10:27:06.392369,2024-03-19 10:27:06.392392,25,10000.0,2277057,P,5318608,5000.0,P,O,777,True,41
218815,2024-03-19 10:27:27.361510,2024-03-19 10:27:27.361536,25,15000.0,2277058,P,2874911,15000.0,P,O,757,True,41
218848,2024-03-19 10:31:56.593572,2024-03-19 10:31:56.593610,25,6000.0,2277068,P,5461240,6000.0,P,O,769,True,38
218817,2024-03-19 10:27:55.005521,2024-03-19 10:27:55.005546,25,10000.0,2277059,P,6413910,10000.0,P,O,774,True,40
218825,2024-03-19 10:28:56.087234,2024-03-19 10:28:56.087259,25,4000.0,2277061,P,7379981,4000.0,P,O,753,True,27
218826,2024-03-19 10:29:01.307087,2024-03-19 10:29:01.307115,25,9000.0,2277062,P,2481375,9000.0,P,O,749,True,33
218828,2024-03-19 10:29:01.844314,2024-03-19 10:29:01.844341,25,10000.0,2277063,P,3596124,9000.0,P,O,770,True,38
218832,2024-03-19 10:29:37.646098,2024-03-19 10:29:37.646123,23,5000.0,2277064,P,6913432,5000.0,P,N,749,True,42
218850,2024-03-19 10:31:59.082582,2024-03-19 10:31:59.082606,25,15100.0,2277069,P,452368,15100.0,P,O,720,True,27
218840,2024-03-19 10:30:51.232325,2024-03-19 10:30:51.232358,25,10000.0,2277065,P,6482511,10000.0,P,O,746,True,38
218841,2024-03-19 10:30:53.428507,2024-03-19 10:30:53.428533,25,5000.0,2277066,P,7003837,5000.0,P,O,710,True,40
218847,2024-03-19 10:31:49.262441,2024-03-19 10:31:49.262468,25,8000.0,2277067,P,7265194,8000.0,P,O,733,True,21
218853,2024-03-19 10:32:08.713779,2024-03-19 10:32:08.713813,25,4000.0,2277070,P,4882045,4000.0,P,O,775,True,27
218857,2024-03-19 10:32:30.541695,2024-03-19 10:32:30.541727,25,10000.0,2277072,P,6682719,10000.0,P,O,769,True,31
218860,2024-03-19 10:32:46.336950,2024-03-19 10:32:46.336981,25,2000.0,2277073,P,5435531,2000.0,P,O,736,True,23
218865,2024-03-19 10:33:26.607677,2024-03-19 10:33:26.607702,25,6000.0,2277074,P,4902955,6000.0,P,O,770,True,40
218871,2024-03-19 10:33:56.062862,2024-03-19 10:33:56.062888,10,8000.0,2277075,P,7579756,8000.0,P,N,760,True,33
218873,2024-03-19 10:34:16.286213,2024-03-19 10:34:16.286237,10,4000.0,2277076,P,7526540,4000.0,P,N,784,True,41
218874,2024-03-19 10:34:22.010181,2024-03-19 10:34:22.010206,25,4000.0,2277077,P,2734563,4000.0,P,O,746,True,26
218921,2024-03-19 10:39:05.084105,2024-03-19 10:39:05.084132,25,5000.0,2277094,P,6798561,5000.0,P,O,746,True,32
218876,2024-03-19 10:34:34.748125,2024-03-19 10:34:34.748158,10,6000.0,2277078,P,3107403,6000.0,P,N,746,True,33
218877,2024-03-19 10:34:36.505496,2024-03-19 10:34:36.505521,25,4000.0,2277079,P,6468340,4000.0,P,O,734,True,26
218879,2024-03-19 10:35:04.482262,2024-03-19 10:35:04.482286,25,8000.0,2277080,P,7099548,8000.0,P,O,746,True,26
218880,2024-03-19 10:35:15.584234,2024-03-19 10:35:15.584259,25,30000.0,2277081,E3,8536,30000.0,P,O,762,True,44
218881,2024-03-19 10:35:19.077642,2024-03-19 10:35:19.077668,25,8000.0,2277082,P,4023172,8000.0,P,O,746,True,23
218885,2024-03-19 10:35:32.439342,2024-03-19 10:35:32.439369,25,10000.0,2277083,P,4759183,10000.0,P,O,724,True,33
218889,2024-03-19 10:36:01.671117,2024-03-19 10:36:01.671150,25,5000.0,2277084,P,6338516,5000.0,P,O,706,True,26
218923,2024-03-19 10:39:07.349730,2024-03-19 10:39:07.349754,25,12000.0,2277095,P,2936112,12000.0,P,O,777,True,37
218892,2024-03-19 10:36:39.793227,2024-03-19 10:36:39.793252,25,4000.0,2277085,P,4759479,4000.0,P,O,700,True,46
218896,2024-03-19 10:36:58.884834,2024-03-19 10:36:58.884862,25,10000.0,2277086,P,1646703,10000.0,P,O,786,True,44
218899,2024-03-19 10:37:24.063027,2024-03-19 10:37:24.063056,25,13000.0,2277087,P,6106976,13000.0,P,O,788,True,38
218901,2024-03-19 10:37:36.796926,2024-03-19 10:37:36.796951,25,4000.0,2277088,P,5341697,4000.0,P,O,746,True,22
218902,2024-03-19 10:37:37.075893,2024-03-19 10:37:37.075917,25,15000.0,2277089,P,2510885,15000.0,P,O,756,True,36
218905,2024-03-19 10:37:46.761450,2024-03-19 10:37:46.761473,25,10000.0,2277090,P,3227724,10000.0,P,O,746,True,38
218911,2024-03-19 10:38:10.367856,2024-03-19 10:38:10.367881,25,5000.0,2277092,P,6971432,4500.0,P,O,769,True,20
218917,2024-03-19 10:38:55.666487,2024-03-19 10:38:55.666512,25,10000.0,11,P,4562005,4000.0,P,O,750,True,34
218920,2024-03-19 10:39:03.938333,2024-03-19 10:39:03.938360,25,8000.0,2277093,P,5511768,8000.0,P,O,744,True,26
218932,2024-03-19 10:40:03.655791,2024-03-19 10:40:03.655820,25,8000.0,2277096,P,185559,8000.0,P,O,757,True,23
218935,2024-03-19 10:40:14.745509,2024-03-19 10:40:14.745535,25,10000.0,2277097,P,6149974,10000.0,P,O,767,True,39
218939,2024-03-19 10:40:33.381105,2024-03-19 10:40:33.381129,10,8000.0,2277098,P,7419628,2500.0,P,N,746,True,38
218946,2024-03-19 10:41:04.993119,2024-03-19 10:41:04.993150,25,16000.0,2277099,P,1833258,16000.0,P,O,746,True,36
218950,2024-03-19 10:41:26.298002,2024-03-19 10:41:26.298029,10,4000.0,2277100,P,4854957,4000.0,P,N,739,True,27
218958,2024-03-19 10:42:25.031652,2024-03-19 10:42:25.031680,25,4000.0,2277101,P,4987863,4000.0,P,O,733,True,22
218960,2024-03-19 10:42:32.249814,2024-03-19 10:42:32.249844,25,5000.0,2277102,P,3498059,5000.0,P,O,752,True,31
218961,2024-03-19 10:42:39.414954,2024-03-19 10:42:39.414990,25,4000.0,2277103,P,7021350,2000.0,P,O,728,True,26
218967,2024-03-19 10:43:34.170266,2024-03-19 10:43:34.170291,25,1000.0,2277105,P,6807553,1000.0,P,O,700,True,53
218972,2024-03-19 10:44:01.300332,2024-03-19 10:44:01.300360,25,6000.0,2277106,P,5739827,6000.0,P,O,746,True,44
218974,2024-03-19 10:44:06.796739,2024-03-19 10:44:06.796775,25,4000.0,2277107,P,5382662,4000.0,P,O,755,True,33
218977,2024-03-19 10:44:20.133332,2024-03-19 10:44:20.133357,10,4000.0,2277108,P,7047496,2000.0,P,N,746,True,27
218978,2024-03-19 10:44:21.117848,2024-03-19 10:44:21.117871,25,5000.0,2277109,P,3824329,5000.0,P,O,739,True,29
218979,2024-03-19 10:44:29.941060,2024-03-19 10:44:29.941097,25,10000.0,2277110,P,471953,10000.0,P,O,712,True,30
218987,2024-03-19 10:45:04.691450,2024-03-19 10:45:04.691482,25,1000.0,2277112,P,6879408,1000.0,P,O,746,True,23
218983,2024-03-19 10:44:44.695637,2024-03-19 10:44:44.695674,25,4000.0,2277111,P,5049904,4000.0,P,O,789,True,27
218988,2024-03-19 10:45:09.323140,2024-03-19 10:45:09.323165,25,4000.0,2277113,P,4244981,1500.0,P,O,709,True,23
218989,2024-03-19 10:45:22.004699,2024-03-19 10:45:22.004727,25,5000.0,2277114,P,6249613,5000.0,P,O,746,True,20
218997,2024-03-19 10:46:38.602481,2024-03-19 10:46:38.602508,25,5000.0,2277115,P,7328502,5000.0,P,O,746,True,26
219000,2024-03-19 10:47:01.315442,2024-03-19 10:47:01.315476,25,8000.0,2277116,P,3942011,2500.0,P,O,756,True,22
219001,2024-03-19 10:47:06.443944,2024-03-19 10:47:06.443978,25,10000.0,2277118,P,7529446,10000.0,P,O,749,True,27
219005,2024-03-19 10:47:39.010705,2024-03-19 10:47:39.010729,25,5000.0,2277119,P,5013844,5000.0,P,O,756,True,25
219009,2024-03-19 10:47:56.950252,2024-03-19 10:47:56.950284,25,4000.0,2277120,P,5070441,4000.0,P,O,738,True,24
219013,2024-03-19 10:48:30.900799,2024-03-19 10:48:30.900825,25,10000.0,2277121,P,5903189,10000.0,P,O,742,True,27
219014,2024-03-19 10:48:36.206009,2024-03-19 10:48:36.206034,25,4000.0,2277122,P,4399648,4000.0,P,O,767,True,32
219020,2024-03-19 10:49:18.563249,2024-03-19 10:49:18.563281,25,8000.0,2277123,P,2361533,8000.0,P,O,776,True,46
219025,2024-03-19 10:49:52.511386,2024-03-19 10:49:52.511425,25,10000.0,2277124,P,5310920,10000.0,P,O,766,True,26
219026,2024-03-19 10:49:54.907986,2024-03-19 10:49:54.908018,25,4000.0,2277125,P,7169248,4000.0,P,O,746,True,25
219028,2024-03-19 10:50:11.978163,2024-03-19 10:50:11.978191,25,4000.0,2277126,P,6271244,4000.0,P,O,740,True,29
219030,2024-03-19 10:50:23.220734,2024-03-19 10:50:23.220763,25,6000.0,2277127,P,4958752,6000.0,P,O,733,True,21
219031,2024-03-19 10:50:33.080820,2024-03-19 10:50:33.080850,25,2000.0,2277128,P,4687699,2000.0,P,O,713,True,22
219032,2024-03-19 10:50:39.630224,2024-03-19 10:50:39.630258,25,6000.0,2277129,P,730282,6000.0,P,O,756,True,30
219033,2024-03-19 10:51:06.450632,2024-03-19 10:51:06.450657,25,9000.0,2277131,P,6311202,9000.0,P,O,739,True,33
219034,2024-03-19 10:51:08.544546,2024-03-19 10:51:08.544580,25,12000.0,2277132,P,3895945,12000.0,P,O,757,True,35
219037,2024-03-19 10:51:15.097305,2024-03-19 10:51:15.097331,25,8000.0,2277133,P,2711078,8000.0,P,O,757,True,30
219038,2024-03-19 10:51:30.105244,2024-03-19 10:51:30.105270,23,8000.0,2277134,P,7320655,8000.0,P,N,737,True,29
219039,2024-03-19 10:51:37.477445,2024-03-19 10:51:37.477475,25,11000.0,2277135,P,785910,11000.0,P,O,765,True,29
219041,2024-03-19 10:51:51.425304,2024-03-19 10:51:51.425328,25,10000.0,2277136,P,2047074,10000.0,P,O,824,True,38
219042,2024-03-19 10:52:11.139332,2024-03-19 10:52:11.139357,25,4000.0,2277137,P,2822839,2500.0,P,O,734,True,40
219044,2024-03-19 10:52:21.938268,2024-03-19 10:52:21.938294,23,9000.0,2277138,P,5794781,9000.0,P,N,751,True,34
219045,2024-03-19 10:52:23.839083,2024-03-19 10:52:23.839130,23,10000.0,2277139,P,7548474,10000.0,P,N,759,True,28
219046,2024-03-19 10:52:27.370222,2024-03-19 10:52:27.370244,10,4000.0,2277140,P,6816146,4000.0,P,N,743,True,36
219057,2024-03-19 10:54:54.423050,2024-03-19 10:54:54.423078,25,8000.0,2277142,P,4347063,5000.0,P,O,746,True,30
219053,2024-03-19 10:53:56.409153,2024-03-19 10:53:56.409187,25,12000.0,2277141,P,1371940,12000.0,P,O,746,True,29
219060,2024-03-19 10:55:28.536636,2024-03-19 10:55:28.536668,23,5000.0,2277143,P,6739975,5000.0,P,O,746,True,51
219064,2024-03-19 10:56:03.214536,2024-03-19 10:56:03.214572,10,4000.0,2277144,P,5819731,4000.0,P,N,746,True,27
219067,2024-03-19 10:56:36.439326,2024-03-19 10:56:36.439352,10,8000.0,2277145,P,6411393,2000.0,P,N,746,True,33
219069,2024-03-19 10:56:51.495344,2024-03-19 10:56:51.495369,9,10000.0,2277146,P,4931900,10000.0,P,O,774,True,29
219070,2024-03-19 10:56:57.011199,2024-03-19 10:56:57.011225,9,2000.0,2277147,P,7072369,2000.0,P,O,730,True,32
219071,2024-03-19 10:56:57.869050,2024-03-19 10:56:57.869074,9,5000.0,2277148,P,6993325,5000.0,P,O,746,True,22
219073,2024-03-19 10:57:36.037869,2024-03-19 10:57:36.037903,10,10000.0,2277149,P,7577412,5000.0,P,N,765,True,26
219147,2024-03-19 11:06:40.032296,2024-03-19 11:06:40.032321,25,4500.0,2277177,P,1008342,4500.0,P,O,756,True,37
219150,2024-03-19 11:07:20.436974,2024-03-19 11:07:20.437012,10,4000.0,2277179,P,4341427,4000.0,P,N,746,True,22
219159,2024-03-19 11:08:31.324764,2024-03-19 11:08:31.324801,25,4000.0,2277180,P,4217167,4000.0,P,O,740,True,22
219195,2024-03-19 11:12:32.594648,2024-03-19 11:12:32.594678,23,5000.0,2277201,P,1695643,5000.0,P,O,766,True,27
219161,2024-03-19 11:08:49.851533,2024-03-19 11:08:49.851561,25,10000.0,2277181,P,6907370,10000.0,P,O,758,True,24
219163,2024-03-19 11:08:58.087140,2024-03-19 11:08:58.087167,23,1000.0,2277182,P,6955759,1000.0,P,O,731,True,20
219165,2024-03-19 11:09:14.094922,2024-03-19 11:09:14.094948,23,10000.0,2277183,P,5106792,10000.0,P,O,724,True,35
219198,2024-03-19 11:13:04.683048,2024-03-19 11:13:04.683074,23,5000.0,2277202,P,6870054,3000.0,P,O,751,True,20
219169,2024-03-19 11:09:40.086818,2024-03-19 11:09:40.086852,25,4000.0,2277184,P,2063136,4000.0,P,O,746,True,35
219170,2024-03-19 11:09:42.669791,2024-03-19 11:09:42.669815,25,4000.0,2277185,P,2351071,4000.0,P,O,757,True,22
219171,2024-03-19 11:09:46.385179,2024-03-19 11:09:46.385208,25,12000.0,2277186,P,3545675,12000.0,P,O,754,True,36
219174,2024-03-19 11:10:09.148861,2024-03-19 11:10:09.148895,9,2000.0,2277187,P,2722119,2000.0,P,O,770,True,24
219176,2024-03-19 11:10:21.109128,2024-03-19 11:10:21.109154,23,8000.0,2277188,P,1411877,8000.0,P,O,746,True,25
219177,2024-03-19 11:10:26.489583,2024-03-19 11:10:26.489608,23,5000.0,2277189,P,7225059,5000.0,P,O,756,True,27
219178,2024-03-19 11:10:29.927086,2024-03-19 11:10:29.927108,23,9000.0,2277190,P,7419440,9000.0,P,N,744,True,34
219202,2024-03-19 11:13:11.484743,2024-03-19 11:13:11.484768,25,5000.0,2277203,P,6805629,5000.0,P,O,732,True,21
219180,2024-03-19 11:11:03.578962,2024-03-19 11:11:03.578993,10,25600.0,2277191,P,977797,25600.0,P,N,712,True,32
219182,2024-03-19 11:11:10.170015,2024-03-19 11:11:10.170046,9,4000.0,2277192,P,1041350,4000.0,P,O,707,True,34
219183,2024-03-19 11:11:12.226977,2024-03-19 11:11:12.227010,9,8000.0,2277193,P,4005074,8000.0,P,O,739,True,29
219203,2024-03-19 11:13:16.546136,2024-03-19 11:13:16.546162,25,15000.0,2277204,P,2921131,15000.0,P,O,787,True,36
219184,2024-03-19 11:11:15.650093,2024-03-19 11:11:15.650121,9,8000.0,2277194,P,4335652,8000.0,P,O,746,True,27
219187,2024-03-19 11:11:29.501193,2024-03-19 11:11:29.501218,23,1000.0,2277195,P,6707821,1000.0,P,O,736,True,23
219188,2024-03-19 11:11:36.949957,2024-03-19 11:11:36.949980,23,10000.0,2277197,P,6894863,10000.0,P,O,746,True,35
219189,2024-03-19 11:11:37.027605,2024-03-19 11:11:37.027629,23,6000.0,2277196,P,2430368,6000.0,P,O,760,True,37
219190,2024-03-19 11:12:03.017863,2024-03-19 11:12:03.017889,25,9000.0,2277198,P,5765286,9000.0,P,O,731,True,31
219192,2024-03-19 11:12:11.781213,2024-03-19 11:12:11.781236,25,20000.0,2277199,P,2760742,20000.0,P,O,746,True,52
219194,2024-03-19 11:12:30.062786,2024-03-19 11:12:30.062814,23,5000.0,2277200,P,6732827,5000.0,P,O,746,True,23
219210,2024-03-19 11:13:59.440410,2024-03-19 11:13:59.440435,10,10000.0,2277205,P,7108574,10000.0,P,N,790,True,36
219211,2024-03-19 11:14:02.489391,2024-03-19 11:14:02.489416,25,4000.0,2277206,P,1697075,4000.0,P,O,776,True,40
219213,2024-03-19 11:14:14.712793,2024-03-19 11:14:14.712821,9,4000.0,2277207,P,1779671,4000.0,P,O,746,True,33
219214,2024-03-19 11:14:16.831309,2024-03-19 11:14:16.831333,10,2000.0,2277208,P,7074971,2000.0,P,N,746,True,26
219260,2024-03-19 11:20:25.364597,2024-03-19 11:20:25.364622,25,10000.0,2277225,P,7488782,1000.0,P,O,753,True,28
219218,2024-03-19 11:14:31.140815,2024-03-19 11:14:31.140839,9,4000.0,2277210,P,853636,4000.0,P,O,765,True,24
219219,2024-03-19 11:14:35.567936,2024-03-19 11:14:35.567962,9,4000.0,2277211,P,4937058,4000.0,P,O,746,True,20
219222,2024-03-19 11:15:11.788190,2024-03-19 11:15:11.788215,25,9100.0,2277212,P,1658906,9100.0,P,O,773,True,32
219227,2024-03-19 11:16:09.615622,2024-03-19 11:16:09.615645,23,2000.0,2277213,P,3551860,2000.0,P,N,736,True,32
219229,2024-03-19 11:16:19.044566,2024-03-19 11:16:19.044589,10,6000.0,2277214,P,6164432,6000.0,P,O,746,True,38
219232,2024-03-19 11:16:31.733640,2024-03-19 11:16:31.733665,23,4000.0,2277216,P,7188235,4000.0,P,O,731,True,23
219234,2024-03-19 11:16:38.725555,2024-03-19 11:16:38.725579,9,4000.0,2277217,P,6959074,4000.0,P,O,776,True,26
219235,2024-03-19 11:16:45.426131,2024-03-19 11:16:45.426157,9,7000.0,2277218,P,5585468,1000.0,P,O,767,True,38
219240,2024-03-19 11:17:29.933228,2024-03-19 11:17:29.933252,9,9000.0,2277219,P,1690111,9000.0,P,O,771,True,28
219275,2024-03-19 11:22:16.542398,2024-03-19 11:22:16.542426,23,8000.0,2277233,P,7422005,2000.0,P,N,745,True,33
219245,2024-03-19 11:18:31.665575,2024-03-19 11:18:31.665611,23,10000.0,2277220,P,5889645,10000.0,P,O,719,True,30
219247,2024-03-19 11:18:38.421449,2024-03-19 11:18:38.421481,23,8000.0,2277221,P,7138999,8000.0,P,O,765,True,38
219262,2024-03-19 11:20:46.447463,2024-03-19 11:20:46.447493,25,8000.0,2277226,P,3599625,8000.0,P,O,773,True,32
219248,2024-03-19 11:18:59.068374,2024-03-19 11:18:59.068406,23,4000.0,2277222,P,5862411,4000.0,P,O,746,True,22
219264,2024-03-19 11:20:58.742896,2024-03-19 11:20:58.742926,25,8000.0,2277227,P,684014,8000.0,P,O,751,True,30
219253,2024-03-19 11:19:08.864047,2024-03-19 11:19:08.864078,9,4000.0,2277223,P,5450721,4000.0,P,N,746,True,30
219276,2024-03-19 11:22:23.958850,2024-03-19 11:22:23.958875,23,2000.0,2277234,P,1586812,2000.0,P,O,765,True,29
219257,2024-03-19 11:20:02.048177,2024-03-19 11:20:02.048204,25,5000.0,2277224,P,6953015,3500.0,P,O,757,True,23
219271,2024-03-19 11:21:56.385131,2024-03-19 11:21:56.385162,23,8000.0,2277229,P,1876725,8000.0,P,O,752,True,36
219272,2024-03-19 11:22:07.540064,2024-03-19 11:22:07.540093,23,10000.0,2277231,P,1632187,10000.0,P,O,769,True,35
219274,2024-03-19 11:22:11.950849,2024-03-19 11:22:11.950874,23,1000.0,2277232,P,6964054,1000.0,P,O,713,True,27
219278,2024-03-19 11:22:38.675380,2024-03-19 11:22:38.675408,25,8000.0,2277235,P,2177337,8000.0,P,O,713,True,49
219291,2024-03-19 11:24:38.370794,2024-03-19 11:24:38.370836,10,10000.0,2277236,P,5811212,10000.0,P,O,770,True,33
219292,2024-03-19 11:24:45.940147,2024-03-19 11:24:45.940178,10,8000.0,2277237,P,6055332,8000.0,P,O,794,True,23
219333,2024-03-19 11:31:01.657730,2024-03-19 11:31:01.657760,25,2000.0,2277252,P,5967617,2000.0,P,O,734,True,23
219334,2024-03-19 11:31:06.317254,2024-03-19 11:31:06.317286,25,9000.0,2277253,P,5852807,9000.0,P,O,767,True,38
219297,2024-03-19 11:25:30.289818,2024-03-19 11:25:30.289847,25,4000.0,2277238,P,5955376,4000.0,P,O,776,True,42
219299,2024-03-19 11:25:35.879536,2024-03-19 11:25:35.879561,25,6000.0,2277239,P,6017408,6000.0,P,O,740,True,20
219302,2024-03-19 11:26:17.795957,2024-03-19 11:26:17.795987,26,9000.0,2277240,P,7189041,9000.0,P,N,720,True,39
219303,2024-03-19 11:26:38.969574,2024-03-19 11:26:38.969669,9,10000.0,2277241,P,6154220,10000.0,P,O,723,True,26
219347,2024-03-19 11:32:49.587459,2024-03-19 11:32:49.587489,23,17000.0,2277260,P,1262281,17000.0,P,O,824,True,35
219308,2024-03-19 11:27:13.647966,2024-03-19 11:27:13.647995,25,9000.0,2277242,P,1912800,9000.0,P,O,746,True,36
219310,2024-03-19 11:27:19.272655,2024-03-19 11:27:19.272678,9,6000.0,2277243,P,4786215,6000.0,P,O,770,True,40
219312,2024-03-19 11:27:54.440091,2024-03-19 11:27:54.440120,10,4000.0,2277244,P,1627250,4000.0,P,O,762,True,21
219313,2024-03-19 11:27:57.431432,2024-03-19 11:27:57.431457,10,18000.0,2277245,P,1922951,18000.0,P,O,765,True,43
219315,2024-03-19 11:28:09.757851,2024-03-19 11:28:09.757887,25,6000.0,2277246,P,5240755,6000.0,P,O,710,True,29
219316,2024-03-19 11:28:18.774371,2024-03-19 11:28:18.774396,25,8000.0,2277247,P,5622103,8000.0,P,O,755,True,38
219321,2024-03-19 11:28:37.248820,2024-03-19 11:28:37.248844,9,12000.0,2277248,P,1258130,12000.0,P,O,716,True,27
219341,2024-03-19 11:31:58.534411,2024-03-19 11:31:58.534437,23,8000.0,2277255,P,6765239,8000.0,P,O,761,True,22
219324,2024-03-19 11:29:19.147086,2024-03-19 11:29:19.147118,25,10000.0,2277249,P,3346703,10000.0,P,O,743,True,40
219342,2024-03-19 11:31:58.638504,2024-03-19 11:31:58.638530,23,5000.0,2277254,P,6492015,5000.0,P,O,769,True,56
219326,2024-03-19 11:29:46.746022,2024-03-19 11:29:46.746049,10,9000.0,2277250,P,6825595,9000.0,P,O,709,True,28
219328,2024-03-19 11:29:56.917788,2024-03-19 11:29:56.917815,10,9000.0,2277251,P,6785346,3000.0,P,O,750,True,31
219343,2024-03-19 11:32:00.914907,2024-03-19 11:32:00.914931,23,4000.0,2277256,P,4954536,4000.0,P,O,718,True,24
219344,2024-03-19 11:32:05.742779,2024-03-19 11:32:05.742809,23,4000.0,2277257,P,2582354,4000.0,P,O,746,True,37
219345,2024-03-19 11:32:21.856528,2024-03-19 11:32:21.856573,23,5000.0,2277258,P,6345170,5000.0,P,O,745,True,23
219346,2024-03-19 11:32:44.068553,2024-03-19 11:32:44.068586,23,9000.0,2277259,P,2248321,2000.0,P,O,728,True,24
219355,2024-03-19 11:33:52.571932,2024-03-19 11:33:52.571958,25,4000.0,2277261,P,5612359,4000.0,P,O,746,True,32
219361,2024-03-19 11:34:25.654723,2024-03-19 11:34:25.654767,9,6000.0,2277262,P,3608702,6000.0,P,O,741,True,39
219364,2024-03-19 11:35:06.224207,2024-03-19 11:35:06.224236,10,8000.0,2277263,P,6108984,8000.0,P,O,746,True,44
219365,2024-03-19 11:35:41.506784,2024-03-19 11:35:41.506810,26,10000.0,2277264,P,7225702,10000.0,P,N,765,True,32
219367,2024-03-19 11:36:03.234637,2024-03-19 11:36:03.234666,26,4000.0,2277265,P,6094734,4000.0,P,N,746,True,20
219414,2024-03-19 11:41:04.538900,2024-03-19 11:41:04.538931,25,5000.0,2277281,P,6528501,5000.0,P,O,746,True,20
219374,2024-03-19 11:36:50.581758,2024-03-19 11:36:50.581782,25,8000.0,2277266,P,6744376,1500.0,P,O,741,True,30
219378,2024-03-19 11:37:17.826603,2024-03-19 11:37:17.826635,9,10000.0,2277268,P,7334677,10000.0,P,O,758,True,38
219380,2024-03-19 11:37:28.498146,2024-03-19 11:37:28.498171,9,4000.0,2277269,P,4642697,4000.0,P,O,744,True,28
219382,2024-03-19 11:37:42.044451,2024-03-19 11:37:42.044476,9,5000.0,2277270,P,6742021,5000.0,P,O,732,True,32
219385,2024-03-19 11:38:06.753647,2024-03-19 11:38:06.753674,26,4000.0,2277271,P,6819996,4000.0,P,N,746,True,24
219386,2024-03-19 11:38:30.101036,2024-03-19 11:38:30.101061,23,8000.0,2277272,P,2618305,8000.0,P,O,769,True,35
219388,2024-03-19 11:38:40.061018,2024-03-19 11:38:40.061049,23,4000.0,2277273,P,6552898,4000.0,P,O,757,True,41
219392,2024-03-19 11:39:06.694597,2024-03-19 11:39:06.694622,25,9000.0,2277274,P,7222861,9000.0,P,O,746,True,26
219393,2024-03-19 11:39:11.163397,2024-03-19 11:39:11.163422,26,4000.0,2277275,P,7542641,4000.0,P,N,746,True,36
219396,2024-03-19 11:39:27.954327,2024-03-19 11:39:27.954353,25,8000.0,2277276,P,6776783,7000.0,P,O,746,True,31
219398,2024-03-19 11:39:46.905933,2024-03-19 11:39:46.905964,25,9000.0,2277277,P,6718635,9000.0,P,O,730,True,32
219403,2024-03-19 11:40:14.627586,2024-03-19 11:40:14.627622,25,5000.0,2277278,P,6126285,5000.0,P,O,777,True,33
219407,2024-03-19 11:40:33.998892,2024-03-19 11:40:33.998917,9,6000.0,2277279,P,2272102,6000.0,P,O,761,True,58
219412,2024-03-19 11:40:51.562354,2024-03-19 11:40:51.562377,23,1000.0,2277280,P,7039130,1000.0,P,O,742,True,23
219416,2024-03-19 11:41:33.329679,2024-03-19 11:41:33.329703,25,5000.0,2277282,P,7142318,1000.0,P,O,723,True,31
219419,2024-03-19 11:41:59.145000,2024-03-19 11:41:59.145032,10,10000.0,2277284,P,6865577,10000.0,P,O,770,True,31
219420,2024-03-19 11:42:05.491102,2024-03-19 11:42:05.491126,10,4000.0,2277285,P,5875377,4000.0,P,O,734,True,31
219421,2024-03-19 11:42:12.974279,2024-03-19 11:42:12.974303,10,10000.0,2277286,P,6519086,10000.0,P,O,782,True,34
219425,2024-03-19 11:42:28.391316,2024-03-19 11:42:28.391341,9,8000.0,2277287,P,4974887,5000.0,P,O,779,True,53
219426,2024-03-19 11:42:29.026278,2024-03-19 11:42:29.026304,9,4000.0,2277288,P,4130302,4000.0,P,O,745,True,31
219427,2024-03-19 11:42:31.403432,2024-03-19 11:42:31.403458,26,4000.0,2277289,P,7577243,2000.0,P,N,746,True,22
219430,2024-03-19 11:42:54.282344,2024-03-19 11:42:54.282369,23,6000.0,2277290,P,449336,2500.0,P,O,743,True,31
219431,2024-03-19 11:42:57.161538,2024-03-19 11:42:57.161562,23,8000.0,2277291,P,7063354,8000.0,P,O,749,True,24
219433,2024-03-19 11:43:13.125937,2024-03-19 11:43:13.125962,23,8000.0,2277292,P,6746041,8000.0,P,O,720,True,23
219435,2024-03-19 11:43:25.418871,2024-03-19 11:43:25.418900,23,1000.0,2277293,P,6951995,1000.0,P,O,665,True,20
219446,2024-03-19 11:44:25.244367,2024-03-19 11:44:25.244395,10,4000.0,2277294,P,6788021,4000.0,P,O,771,True,33
219447,2024-03-19 11:44:26.440755,2024-03-19 11:44:26.440786,10,8000.0,2277295,P,7460970,8000.0,P,O,710,True,29
219453,2024-03-19 11:45:06.177747,2024-03-19 11:45:06.177771,25,10000.0,2277296,P,5882795,10000.0,P,O,782,True,36
219455,2024-03-19 11:45:25.625221,2024-03-19 11:45:25.625250,10,5400.0,2277297,P,4232695,5400.0,P,O,743,True,31
219102,2024-03-19 11:00:14.581793,2024-03-19 11:00:14.581815,9,10000.0,2277163,P,5789735,10000.0,P,O,736,True,37
219105,2024-03-19 11:00:25.674839,2024-03-19 11:00:25.674863,23,10000.0,2277164,P,5628278,10000.0,P,O,768,True,43
219107,2024-03-19 11:00:41.212970,2024-03-19 11:00:41.213002,23,6000.0,2277165,P,5209088,6000.0,P,O,746,True,28
219120,2024-03-19 11:03:17.127414,2024-03-19 11:03:17.127452,9,8000.0,2277171,P,4255807,8000.0,P,O,736,True,36
219110,2024-03-19 11:01:22.124038,2024-03-19 11:01:22.124061,9,4000.0,2277166,P,6055858,4000.0,P,O,765,True,23
219111,2024-03-19 11:01:25.190057,2024-03-19 11:01:25.190091,9,9000.0,2277167,P,6423208,5000.0,P,O,746,True,34
219112,2024-03-19 11:01:34.737066,2024-03-19 11:01:34.737091,9,8000.0,2277168,P,4521446,8000.0,P,O,746,True,28
219113,2024-03-19 11:01:35.126714,2024-03-19 11:01:35.126747,9,4000.0,2277169,P,1325752,4000.0,P,O,700,True,22
219136,2024-03-19 11:05:23.073076,2024-03-19 11:05:23.073107,23,9000.0,2277175,P,7564355,9000.0,P,N,766,True,26
219118,2024-03-19 11:02:44.206370,2024-03-19 11:02:44.206403,9,9000.0,2277170,P,4059268,9000.0,P,O,746,True,43
219130,2024-03-19 11:04:45.691169,2024-03-19 11:04:45.691195,10,8000.0,2277172,P,7579722,8000.0,P,N,744,True,25
219133,2024-03-19 11:05:00.820512,2024-03-19 11:05:00.820538,10,4000.0,2277173,P,7531610,4000.0,P,N,746,True,26
219143,2024-03-19 11:06:16.904907,2024-03-19 11:06:16.904931,25,10000.0,2277176,P,5509086,10000.0,P,O,727,True,26
